Series Name,Series Code,Country Name,Country Code,1960 [YR1960],1961 [YR1961],1962 [YR1962],1963 [YR1963],1964 [YR1964],1965 [YR1965],1966 [YR1966],1967 [YR1967],1968 [YR1968],1969 [YR1969],1970 [YR1970],1971 [YR1971],1972 [YR1972],1973 [YR1973],1974 [YR1974],1975 [YR1975],1976 [YR1976],1977 [YR1977],1978 [YR1978],1979 [YR1979],1980 [YR1980],1981 [YR1981],1982 [YR1982],1983 [YR1983],1984 [YR1984],1985 [YR1985],1986 [YR1986],1987 [YR1987],1988 [YR1988],1989 [YR1989],1990 [YR1990],1991 [YR1991],1992 [YR1992],1993 [YR1993],1994 [YR1994],1995 [YR1995],1996 [YR1996],1997 [YR1997],1998 [YR1998],1999 [YR1999],2000 [YR2000],2001 [YR2001],2002 [YR2002],2003 [YR2003],2004 [YR2004],2005 [YR2005],2006 [YR2006],2007 [YR2007],2008 [YR2008],2009 [YR2009],2010 [YR2010],2011 [YR2011],2012 [YR2012],2013 [YR2013],2014 [YR2014],2015 [YR2015],2016 [YR2016]
"Total alcohol consumption per capita (liters of pure alcohol, projected estimates, 15+ years of age)",SH.ALC.PCAP.LI,Afghanistan,AFG,..,..,..,..,..,..,..,..,..,..,..,..,..,..,..,..,..,..,..,..,..,..,..,..,..,..,..,..,..,..,..,..,..,..,..,..,..,..,..,..,..,..,..,..,..,..,..,..,..,..,..,..,..,..,..,1,..
"Total alcohol consumption per capita (liters of pure alcohol, projected estimates, 15+ years of age)",SH.ALC.PCAP.LI,Albania,ALB,..,..,..,..,..,..,..,..,..,..,..,..,..,..,..,..,..,..,..,..,..,..,..,..,..,..,..,..,..,..,..,..,..,..,..,..,..,..,..,..,..,..,..,..,..,..,..,..,..,..,..,..,..,..,..,6.6,..
"Total alcohol consumption per capita (liters of pure alcohol, projected estimates, 15+ years of age)",SH.ALC.PCAP.LI,Algeria,DZA,..,..,..,..,..,..,..,..,..,..,..,..,..,..,..,..,..,..,..,..,..,..,..,..,..,..,..,..,..,..,..,..,..,..,..,..,..,..,..,..,..,..,..,..,..,..,..,..,..,..,..,..,..,..,..,0.6,..
"Total alcohol consumption per capita (liters of pure alcohol, projected estimates, 15+ years of age)",SH.ALC.PCAP.LI,American Samoa,ASM,..,..,..,..,..,..,..,..,..,..,..,..,..,..,..,..,..,..,..,..,..,..,..,..,..,..,..,..,..,..,..,..,..,..,..,..,..,..,..,..,..,..,..,..,..,..,..,..,..,..,..,..,..,..,..,..,..
"Total alcohol consumption per capita (liters of pure alcohol, projected estimates, 15+ years of age)",SH.ALC.PCAP.LI,Andorra,AND,..,..,..,..,..,..,..,..,..,..,..,..,..,..,..,..,..,..,..,..,..,..,..,..,..,..,..,..,..,..,..,..,..,..,..,..,..,..,..,..,..,..,..,..,..,..,..,..,..,..,..,..,..,..,..,9.1,..
"Total alcohol consumption per capita (liters of pure alcohol, projected estimates, 15+ years of age)",SH.ALC.PCAP.LI,Angola,AGO,..,..,..,..,..,..,..,..,..,..,..,..,..,..,..,..,..,..,..,..,..,..,..,..,..,..,..,..,..,..,..,..,..,..,..,..,..,..,..,..,..,..,..,..,..,..,..,..,..,..,..,..,..,..,..,7.6,..
"Total alcohol consumption per capita (liters of pure alcohol, projected estimates, 15+ years of age)",SH.ALC.PCAP.LI,Antigua and Barbuda,ATG,..,..,..,..,..,..,..,..,..,..,..,..,..,..,..,..,..,..,..,..,..,..,..,..,..,..,..,..,..,..,..,..,..,..,..,..,..,..,..,..,..,..,..,..,..,..,..,..,..,..,..,..,..,..,..,3.2,..
"Total alcohol consumption per capita (liters of pure alcohol, projected estimates, 15+ years of age)",SH.ALC.PCAP.LI,Arab World,ARB,..,..,..,..,..,..,..,..,..,..,..,..,..,..,..,..,..,..,..,..,..,..,..,..,..,..,..,..,..,..,..,..,..,..,..,..,..,..,..,..,..,..,..,..,..,..,..,..,..,..,..,..,..,..,..,0.838885188085109,..
"Total alcohol consumption per capita (liters of pure alcohol, projected estimates, 15+ years of age)",SH.ALC.PCAP.LI,Argentina,ARG,..,..,..,..,..,..,..,..,..,..,..,..,..,..,..,..,..,..,..,..,..,..,..,..,..,..,..,..,..,..,..,..,..,..,..,..,..,..,..,..,..,..,..,..,..,..,..,..,..,..,..,..,..,..,..,7.6,..
"Total alcohol consumption per capita (liters of pure alcohol, projected estimates, 15+ years of age)",SH.ALC.PCAP.LI,Armenia,ARM,..,..,..,..,..,..,..,..,..,..,..,..,..,..,..,..,..,..,..,..,..,..,..,..,..,..,..,..,..,..,..,..,..,..,..,..,..,..,..,..,..,..,..,..,..,..,..,..,..,..,..,..,..,..,..,5.5,..
"Total alcohol consumption per capita (liters of pure alcohol, projected estimates, 15+ years of age)",SH.ALC.PCAP.LI,Aruba,ABW,..,..,..,..,..,..,..,..,..,..,..,..,..,..,..,..,..,..,..,..,..,..,..,..,..,..,..,..,..,..,..,..,..,..,..,..,..,..,..,..,..,..,..,..,..,..,..,..,..,..,..,..,..,..,..,..,..
"Total alcohol consumption per capita (liters of pure alcohol, projected estimates, 15+ years of age)",SH.ALC.PCAP.LI,Australia,AUS,..,..,..,..,..,..,..,..,..,..,..,..,..,..,..,..,..,..,..,..,..,..,..,..,..,..,..,..,..,..,..,..,..,..,..,..,..,..,..,..,..,..,..,..,..,..,..,..,..,..,..,..,..,..,..,12.6,..
"Total alcohol consumption per capita (liters of pure alcohol, projected estimates, 15+ years of age)",SH.ALC.PCAP.LI,Austria,AUT,..,..,..,..,..,..,..,..,..,..,..,..,..,..,..,..,..,..,..,..,..,..,..,..,..,..,..,..,..,..,..,..,..,..,..,..,..,..,..,..,..,..,..,..,..,..,..,..,..,..,..,..,..,..,..,8.5,..
"Total alcohol consumption per capita (liters of pure alcohol, projected estimates, 15+ years of age)",SH.ALC.PCAP.LI,Azerbaijan,AZE,..,..,..,..,..,..,..,..,..,..,..,..,..,..,..,..,..,..,..,..,..,..,..,..,..,..,..,..,..,..,..,..,..,..,..,..,..,..,..,..,..,..,..,..,..,..,..,..,..,..,..,..,..,..,..,2.1,..
"Total alcohol consumption per capita (liters of pure alcohol, projected estimates, 15+ years of age)",SH.ALC.PCAP.LI,"Bahamas, The",BHS,..,..,..,..,..,..,..,..,..,..,..,..,..,..,..,..,..,..,..,..,..,..,..,..,..,..,..,..,..,..,..,..,..,..,..,..,..,..,..,..,..,..,..,..,..,..,..,..,..,..,..,..,..,..,..,4.2,..
"Total alcohol consumption per capita (liters of pure alcohol, projected estimates, 15+ years of age)",SH.ALC.PCAP.LI,Bahrain,BHR,..,..,..,..,..,..,..,..,..,..,..,..,..,..,..,..,..,..,..,..,..,..,..,..,..,..,..,..,..,..,..,..,..,..,..,..,..,..,..,..,..,..,..,..,..,..,..,..,..,..,..,..,..,..,..,2.4,..
"Total alcohol consumption per capita (liters of pure alcohol, projected estimates, 15+ years of age)",SH.ALC.PCAP.LI,Bangladesh,BGD,..,..,..,..,..,..,..,..,..,..,..,..,..,..,..,..,..,..,..,..,..,..,..,..,..,..,..,..,..,..,..,..,..,..,..,..,..,..,..,..,..,..,..,..,..,..,..,..,..,..,..,..,..,..,..,0.2,..
"Total alcohol consumption per capita (liters of pure alcohol, projected estimates, 15+ years of age)",SH.ALC.PCAP.LI,Barbados,BRB,..,..,..,..,..,..,..,..,..,..,..,..,..,..,..,..,..,..,..,..,..,..,..,..,..,..,..,..,..,..,..,..,..,..,..,..,..,..,..,..,..,..,..,..,..,..,..,..,..,..,..,..,..,..,..,6.5,..
"Total alcohol consumption per capita (liters of pure alcohol, projected estimates, 15+ years of age)",SH.ALC.PCAP.LI,Belarus,BLR,..,..,..,..,..,..,..,..,..,..,..,..,..,..,..,..,..,..,..,..,..,..,..,..,..,..,..,..,..,..,..,..,..,..,..,..,..,..,..,..,..,..,..,..,..,..,..,..,..,..,..,..,..,..,..,17.1,..
"Total alcohol consumption per capita (liters of pure alcohol, projected estimates, 15+ years of age)",SH.ALC.PCAP.LI,Belgium,BEL,..,..,..,..,..,..,..,..,..,..,..,..,..,..,..,..,..,..,..,..,..,..,..,..,..,..,..,..,..,..,..,..,..,..,..,..,..,..,..,..,..,..,..,..,..,..,..,..,..,..,..,..,..,..,..,10.8,..
"Total alcohol consumption per capita (liters of pure alcohol, projected estimates, 15+ years of age)",SH.ALC.PCAP.LI,Belize,BLZ,..,..,..,..,..,..,..,..,..,..,..,..,..,..,..,..,..,..,..,..,..,..,..,..,..,..,..,..,..,..,..,..,..,..,..,..,..,..,..,..,..,..,..,..,..,..,..,..,..,..,..,..,..,..,..,8.3,..
"Total alcohol consumption per capita (liters of pure alcohol, projected estimates, 15+ years of age)",SH.ALC.PCAP.LI,Benin,BEN,..,..,..,..,..,..,..,..,..,..,..,..,..,..,..,..,..,..,..,..,..,..,..,..,..,..,..,..,..,..,..,..,..,..,..,..,..,..,..,..,..,..,..,..,..,..,..,..,..,..,..,..,..,..,..,2.2,..
"Total alcohol consumption per capita (liters of pure alcohol, projected estimates, 15+ years of age)",SH.ALC.PCAP.LI,Bermuda,BMU,..,..,..,..,..,..,..,..,..,..,..,..,..,..,..,..,..,..,..,..,..,..,..,..,..,..,..,..,..,..,..,..,..,..,..,..,..,..,..,..,..,..,..,..,..,..,..,..,..,..,..,..,..,..,..,..,..
"Total alcohol consumption per capita (liters of pure alcohol, projected estimates, 15+ years of age)",SH.ALC.PCAP.LI,Bhutan,BTN,..,..,..,..,..,..,..,..,..,..,..,..,..,..,..,..,..,..,..,..,..,..,..,..,..,..,..,..,..,..,..,..,..,..,..,..,..,..,..,..,..,..,..,..,..,..,..,..,..,..,..,..,..,..,..,1.1,..
"Total alcohol consumption per capita (liters of pure alcohol, projected estimates, 15+ years of age)",SH.ALC.PCAP.LI,Bolivia,BOL,..,..,..,..,..,..,..,..,..,..,..,..,..,..,..,..,..,..,..,..,..,..,..,..,..,..,..,..,..,..,..,..,..,..,..,..,..,..,..,..,..,..,..,..,..,..,..,..,..,..,..,..,..,..,..,5.8,..
"Total alcohol consumption per capita (liters of pure alcohol, projected estimates, 15+ years of age)",SH.ALC.PCAP.LI,Bosnia and Herzegovina,BIH,..,..,..,..,..,..,..,..,..,..,..,..,..,..,..,..,..,..,..,..,..,..,..,..,..,..,..,..,..,..,..,..,..,..,..,..,..,..,..,..,..,..,..,..,..,..,..,..,..,..,..,..,..,..,..,7.5,..
"Total alcohol consumption per capita (liters of pure alcohol, projected estimates, 15+ years of age)",SH.ALC.PCAP.LI,Botswana,BWA,..,..,..,..,..,..,..,..,..,..,..,..,..,..,..,..,..,..,..,..,..,..,..,..,..,..,..,..,..,..,..,..,..,..,..,..,..,..,..,..,..,..,..,..,..,..,..,..,..,..,..,..,..,..,..,7.7,..
"Total alcohol consumption per capita (liters of pure alcohol, projected estimates, 15+ years of age)",SH.ALC.PCAP.LI,Brazil,BRA,..,..,..,..,..,..,..,..,..,..,..,..,..,..,..,..,..,..,..,..,..,..,..,..,..,..,..,..,..,..,..,..,..,..,..,..,..,..,..,..,..,..,..,..,..,..,..,..,..,..,..,..,..,..,..,9.1,..
"Total alcohol consumption per capita (liters of pure alcohol, projected estimates, 15+ years of age)",SH.ALC.PCAP.LI,British Virgin Islands,VGB,..,..,..,..,..,..,..,..,..,..,..,..,..,..,..,..,..,..,..,..,..,..,..,..,..,..,..,..,..,..,..,..,..,..,..,..,..,..,..,..,..,..,..,..,..,..,..,..,..,..,..,..,..,..,..,..,..
"Total alcohol consumption per capita (liters of pure alcohol, projected estimates, 15+ years of age)",SH.ALC.PCAP.LI,Brunei Darussalam,BRN,..,..,..,..,..,..,..,..,..,..,..,..,..,..,..,..,..,..,..,..,..,..,..,..,..,..,..,..,..,..,..,..,..,..,..,..,..,..,..,..,..,..,..,..,..,..,..,..,..,..,..,..,..,..,..,0.8,..
"Total alcohol consumption per capita (liters of pure alcohol, projected estimates, 15+ years of age)",SH.ALC.PCAP.LI,Bulgaria,BGR,..,..,..,..,..,..,..,..,..,..,..,..,..,..,..,..,..,..,..,..,..,..,..,..,..,..,..,..,..,..,..,..,..,..,..,..,..,..,..,..,..,..,..,..,..,..,..,..,..,..,..,..,..,..,..,11.3,..
"Total alcohol consumption per capita (liters of pure alcohol, projected estimates, 15+ years of age)",SH.ALC.PCAP.LI,Burkina Faso,BFA,..,..,..,..,..,..,..,..,..,..,..,..,..,..,..,..,..,..,..,..,..,..,..,..,..,..,..,..,..,..,..,..,..,..,..,..,..,..,..,..,..,..,..,..,..,..,..,..,..,..,..,..,..,..,..,7.4,..
"Total alcohol consumption per capita (liters of pure alcohol, projected estimates, 15+ years of age)",SH.ALC.PCAP.LI,Burundi,BDI,..,..,..,..,..,..,..,..,..,..,..,..,..,..,..,..,..,..,..,..,..,..,..,..,..,..,..,..,..,..,..,..,..,..,..,..,..,..,..,..,..,..,..,..,..,..,..,..,..,..,..,..,..,..,..,9.8,..
"Total alcohol consumption per capita (liters of pure alcohol, projected estimates, 15+ years of age)",SH.ALC.PCAP.LI,Cabo Verde,CPV,..,..,..,..,..,..,..,..,..,..,..,..,..,..,..,..,..,..,..,..,..,..,..,..,..,..,..,..,..,..,..,..,..,..,..,..,..,..,..,..,..,..,..,..,..,..,..,..,..,..,..,..,..,..,..,7.2,..
"Total alcohol consumption per capita (liters of pure alcohol, projected estimates, 15+ years of age)",SH.ALC.PCAP.LI,Cambodia,KHM,..,..,..,..,..,..,..,..,..,..,..,..,..,..,..,..,..,..,..,..,..,..,..,..,..,..,..,..,..,..,..,..,..,..,..,..,..,..,..,..,..,..,..,..,..,..,..,..,..,..,..,..,..,..,..,6.1,..
"Total alcohol consumption per capita (liters of pure alcohol, projected estimates, 15+ years of age)",SH.ALC.PCAP.LI,Cameroon,CMR,..,..,..,..,..,..,..,..,..,..,..,..,..,..,..,..,..,..,..,..,..,..,..,..,..,..,..,..,..,..,..,..,..,..,..,..,..,..,..,..,..,..,..,..,..,..,..,..,..,..,..,..,..,..,..,7.7,..
"Total alcohol consumption per capita (liters of pure alcohol, projected estimates, 15+ years of age)",SH.ALC.PCAP.LI,Canada,CAN,..,..,..,..,..,..,..,..,..,..,..,..,..,..,..,..,..,..,..,..,..,..,..,..,..,..,..,..,..,..,..,..,..,..,..,..,..,..,..,..,..,..,..,..,..,..,..,..,..,..,..,..,..,..,..,10.3,..
"Total alcohol consumption per capita (liters of pure alcohol, projected estimates, 15+ years of age)",SH.ALC.PCAP.LI,Caribbean small states,CSS,..,..,..,..,..,..,..,..,..,..,..,..,..,..,..,..,..,..,..,..,..,..,..,..,..,..,..,..,..,..,..,..,..,..,..,..,..,..,..,..,..,..,..,..,..,..,..,..,..,..,..,..,..,..,..,6.23286216741653,..
"Total alcohol consumption per capita (liters of pure alcohol, projected estimates, 15+ years of age)",SH.ALC.PCAP.LI,Cayman Islands,CYM,..,..,..,..,..,..,..,..,..,..,..,..,..,..,..,..,..,..,..,..,..,..,..,..,..,..,..,..,..,..,..,..,..,..,..,..,..,..,..,..,..,..,..,..,..,..,..,..,..,..,..,..,..,..,..,..,..
"Total alcohol consumption per capita (liters of pure alcohol, projected estimates, 15+ years of age)",SH.ALC.PCAP.LI,Central African Republic,CAF,..,..,..,..,..,..,..,..,..,..,..,..,..,..,..,..,..,..,..,..,..,..,..,..,..,..,..,..,..,..,..,..,..,..,..,..,..,..,..,..,..,..,..,..,..,..,..,..,..,..,..,..,..,..,..,3.8,..
"Total alcohol consumption per capita (liters of pure alcohol, projected estimates, 15+ years of age)",SH.ALC.PCAP.LI,Central Europe and the Baltics,CEB,..,..,..,..,..,..,..,..,..,..,..,..,..,..,..,..,..,..,..,..,..,..,..,..,..,..,..,..,..,..,..,..,..,..,..,..,..,..,..,..,..,..,..,..,..,..,..,..,..,..,..,..,..,..,..,12.2780899037368,..
"Total alcohol consumption per capita (liters of pure alcohol, projected estimates, 15+ years of age)",SH.ALC.PCAP.LI,Chad,TCD,..,..,..,..,..,..,..,..,..,..,..,..,..,..,..,..,..,..,..,..,..,..,..,..,..,..,..,..,..,..,..,..,..,..,..,..,..,..,..,..,..,..,..,..,..,..,..,..,..,..,..,..,..,..,..,4.4,..
"Total alcohol consumption per capita (liters of pure alcohol, projected estimates, 15+ years of age)",SH.ALC.PCAP.LI,Channel Islands,CHI,..,..,..,..,..,..,..,..,..,..,..,..,..,..,..,..,..,..,..,..,..,..,..,..,..,..,..,..,..,..,..,..,..,..,..,..,..,..,..,..,..,..,..,..,..,..,..,..,..,..,..,..,..,..,..,..,..
"Total alcohol consumption per capita (liters of pure alcohol, projected estimates, 15+ years of age)",SH.ALC.PCAP.LI,Chile,CHL,..,..,..,..,..,..,..,..,..,..,..,..,..,..,..,..,..,..,..,..,..,..,..,..,..,..,..,..,..,..,..,..,..,..,..,..,..,..,..,..,..,..,..,..,..,..,..,..,..,..,..,..,..,..,..,9.3,..
"Total alcohol consumption per capita (liters of pure alcohol, projected estimates, 15+ years of age)",SH.ALC.PCAP.LI,China,CHN,..,..,..,..,..,..,..,..,..,..,..,..,..,..,..,..,..,..,..,..,..,..,..,..,..,..,..,..,..,..,..,..,..,..,..,..,..,..,..,..,..,..,..,..,..,..,..,..,..,..,..,..,..,..,..,7.6,..
"Total alcohol consumption per capita (liters of pure alcohol, projected estimates, 15+ years of age)",SH.ALC.PCAP.LI,Colombia,COL,..,..,..,..,..,..,..,..,..,..,..,..,..,..,..,..,..,..,..,..,..,..,..,..,..,..,..,..,..,..,..,..,..,..,..,..,..,..,..,..,..,..,..,..,..,..,..,..,..,..,..,..,..,..,..,6.6,..
"Total alcohol consumption per capita (liters of pure alcohol, projected estimates, 15+ years of age)",SH.ALC.PCAP.LI,Comoros,COM,..,..,..,..,..,..,..,..,..,..,..,..,..,..,..,..,..,..,..,..,..,..,..,..,..,..,..,..,..,..,..,..,..,..,..,..,..,..,..,..,..,..,..,..,..,..,..,..,..,..,..,..,..,..,..,0.2,..
"Total alcohol consumption per capita (liters of pure alcohol, projected estimates, 15+ years of age)",SH.ALC.PCAP.LI,"Congo, Dem. Rep.",COD,..,..,..,..,..,..,..,..,..,..,..,..,..,..,..,..,..,..,..,..,..,..,..,..,..,..,..,..,..,..,..,..,..,..,..,..,..,..,..,..,..,..,..,..,..,..,..,..,..,..,..,..,..,..,..,3.4,..
"Total alcohol consumption per capita (liters of pure alcohol, projected estimates, 15+ years of age)",SH.ALC.PCAP.LI,"Congo, Rep.",COG,..,..,..,..,..,..,..,..,..,..,..,..,..,..,..,..,..,..,..,..,..,..,..,..,..,..,..,..,..,..,..,..,..,..,..,..,..,..,..,..,..,..,..,..,..,..,..,..,..,..,..,..,..,..,..,3.9,..
"Total alcohol consumption per capita (liters of pure alcohol, projected estimates, 15+ years of age)",SH.ALC.PCAP.LI,Costa Rica,CRI,..,..,..,..,..,..,..,..,..,..,..,..,..,..,..,..,..,..,..,..,..,..,..,..,..,..,..,..,..,..,..,..,..,..,..,..,..,..,..,..,..,..,..,..,..,..,..,..,..,..,..,..,..,..,..,5.1,..
"Total alcohol consumption per capita (liters of pure alcohol, projected estimates, 15+ years of age)",SH.ALC.PCAP.LI,Cote d'Ivoire,CIV,..,..,..,..,..,..,..,..,..,..,..,..,..,..,..,..,..,..,..,..,..,..,..,..,..,..,..,..,..,..,..,..,..,..,..,..,..,..,..,..,..,..,..,..,..,..,..,..,..,..,..,..,..,..,..,6.5,..
"Total alcohol consumption per capita (liters of pure alcohol, projected estimates, 15+ years of age)",SH.ALC.PCAP.LI,Croatia,HRV,..,..,..,..,..,..,..,..,..,..,..,..,..,..,..,..,..,..,..,..,..,..,..,..,..,..,..,..,..,..,..,..,..,..,..,..,..,..,..,..,..,..,..,..,..,..,..,..,..,..,..,..,..,..,..,11.7,..
"Total alcohol consumption per capita (liters of pure alcohol, projected estimates, 15+ years of age)",SH.ALC.PCAP.LI,Cuba,CUB,..,..,..,..,..,..,..,..,..,..,..,..,..,..,..,..,..,..,..,..,..,..,..,..,..,..,..,..,..,..,..,..,..,..,..,..,..,..,..,..,..,..,..,..,..,..,..,..,..,..,..,..,..,..,..,5.5,..
"Total alcohol consumption per capita (liters of pure alcohol, projected estimates, 15+ years of age)",SH.ALC.PCAP.LI,Curacao,CUW,..,..,..,..,..,..,..,..,..,..,..,..,..,..,..,..,..,..,..,..,..,..,..,..,..,..,..,..,..,..,..,..,..,..,..,..,..,..,..,..,..,..,..,..,..,..,..,..,..,..,..,..,..,..,..,..,..
"Total alcohol consumption per capita (liters of pure alcohol, projected estimates, 15+ years of age)",SH.ALC.PCAP.LI,Cyprus,CYP,..,..,..,..,..,..,..,..,..,..,..,..,..,..,..,..,..,..,..,..,..,..,..,..,..,..,..,..,..,..,..,..,..,..,..,..,..,..,..,..,..,..,..,..,..,..,..,..,..,..,..,..,..,..,..,9.1,..
"Total alcohol consumption per capita (liters of pure alcohol, projected estimates, 15+ years of age)",SH.ALC.PCAP.LI,Czech Republic,CZE,..,..,..,..,..,..,..,..,..,..,..,..,..,..,..,..,..,..,..,..,..,..,..,..,..,..,..,..,..,..,..,..,..,..,..,..,..,..,..,..,..,..,..,..,..,..,..,..,..,..,..,..,..,..,..,14.1,..
"Total alcohol consumption per capita (liters of pure alcohol, projected estimates, 15+ years of age)",SH.ALC.PCAP.LI,Denmark,DNK,..,..,..,..,..,..,..,..,..,..,..,..,..,..,..,..,..,..,..,..,..,..,..,..,..,..,..,..,..,..,..,..,..,..,..,..,..,..,..,..,..,..,..,..,..,..,..,..,..,..,..,..,..,..,..,10.2,..
"Total alcohol consumption per capita (liters of pure alcohol, projected estimates, 15+ years of age)",SH.ALC.PCAP.LI,Djibouti,DJI,..,..,..,..,..,..,..,..,..,..,..,..,..,..,..,..,..,..,..,..,..,..,..,..,..,..,..,..,..,..,..,..,..,..,..,..,..,..,..,..,..,..,..,..,..,..,..,..,..,..,..,..,..,..,..,0.9,..
"Total alcohol consumption per capita (liters of pure alcohol, projected estimates, 15+ years of age)",SH.ALC.PCAP.LI,Dominica,DMA,..,..,..,..,..,..,..,..,..,..,..,..,..,..,..,..,..,..,..,..,..,..,..,..,..,..,..,..,..,..,..,..,..,..,..,..,..,..,..,..,..,..,..,..,..,..,..,..,..,..,..,..,..,..,..,6.6,..
"Total alcohol consumption per capita (liters of pure alcohol, projected estimates, 15+ years of age)",SH.ALC.PCAP.LI,Dominican Republic,DOM,..,..,..,..,..,..,..,..,..,..,..,..,..,..,..,..,..,..,..,..,..,..,..,..,..,..,..,..,..,..,..,..,..,..,..,..,..,..,..,..,..,..,..,..,..,..,..,..,..,..,..,..,..,..,..,7.6,..
"Total alcohol consumption per capita (liters of pure alcohol, projected estimates, 15+ years of age)",SH.ALC.PCAP.LI,Early-demographic dividend,EAR,..,..,..,..,..,..,..,..,..,..,..,..,..,..,..,..,..,..,..,..,..,..,..,..,..,..,..,..,..,..,..,..,..,..,..,..,..,..,..,..,..,..,..,..,..,..,..,..,..,..,..,..,..,..,..,3.63553744752502,..
"Total alcohol consumption per capita (liters of pure alcohol, projected estimates, 15+ years of age)",SH.ALC.PCAP.LI,East Asia & Pacific,EAS,..,..,..,..,..,..,..,..,..,..,..,..,..,..,..,..,..,..,..,..,..,..,..,..,..,..,..,..,..,..,..,..,..,..,..,..,..,..,..,..,..,..,..,..,..,..,..,..,..,..,..,..,..,..,..,6.70159872985248,..
"Total alcohol consumption per capita (liters of pure alcohol, projected estimates, 15+ years of age)",SH.ALC.PCAP.LI,East Asia & Pacific (excluding high income),EAP,..,..,..,..,..,..,..,..,..,..,..,..,..,..,..,..,..,..,..,..,..,..,..,..,..,..,..,..,..,..,..,..,..,..,..,..,..,..,..,..,..,..,..,..,..,..,..,..,..,..,..,..,..,..,..,6.46424630229604,..
"Total alcohol consumption per capita (liters of pure alcohol, projected estimates, 15+ years of age)",SH.ALC.PCAP.LI,East Asia & Pacific (IDA & IBRD countries),TEA,..,..,..,..,..,..,..,..,..,..,..,..,..,..,..,..,..,..,..,..,..,..,..,..,..,..,..,..,..,..,..,..,..,..,..,..,..,..,..,..,..,..,..,..,..,..,..,..,..,..,..,..,..,..,..,6.49000811607754,..
"Total alcohol consumption per capita (liters of pure alcohol, projected estimates, 15+ years of age)",SH.ALC.PCAP.LI,Ecuador,ECU,..,..,..,..,..,..,..,..,..,..,..,..,..,..,..,..,..,..,..,..,..,..,..,..,..,..,..,..,..,..,..,..,..,..,..,..,..,..,..,..,..,..,..,..,..,..,..,..,..,..,..,..,..,..,..,6.1,..
"Total alcohol consumption per capita (liters of pure alcohol, projected estimates, 15+ years of age)",SH.ALC.PCAP.LI,"Egypt, Arab Rep.",EGY,..,..,..,..,..,..,..,..,..,..,..,..,..,..,..,..,..,..,..,..,..,..,..,..,..,..,..,..,..,..,..,..,..,..,..,..,..,..,..,..,..,..,..,..,..,..,..,..,..,..,..,..,..,..,..,0.3,..
"Total alcohol consumption per capita (liters of pure alcohol, projected estimates, 15+ years of age)",SH.ALC.PCAP.LI,El Salvador,SLV,..,..,..,..,..,..,..,..,..,..,..,..,..,..,..,..,..,..,..,..,..,..,..,..,..,..,..,..,..,..,..,..,..,..,..,..,..,..,..,..,..,..,..,..,..,..,..,..,..,..,..,..,..,..,..,3.5,..
"Total alcohol consumption per capita (liters of pure alcohol, projected estimates, 15+ years of age)",SH.ALC.PCAP.LI,Equatorial Guinea,GNQ,..,..,..,..,..,..,..,..,..,..,..,..,..,..,..,..,..,..,..,..,..,..,..,..,..,..,..,..,..,..,..,..,..,..,..,..,..,..,..,..,..,..,..,..,..,..,..,..,..,..,..,..,..,..,..,8.1,..
"Total alcohol consumption per capita (liters of pure alcohol, projected estimates, 15+ years of age)",SH.ALC.PCAP.LI,Eritrea,ERI,..,..,..,..,..,..,..,..,..,..,..,..,..,..,..,..,..,..,..,..,..,..,..,..,..,..,..,..,..,..,..,..,..,..,..,..,..,..,..,..,..,..,..,..,..,..,..,..,..,..,..,..,..,..,..,1.4,..
"Total alcohol consumption per capita (liters of pure alcohol, projected estimates, 15+ years of age)",SH.ALC.PCAP.LI,Estonia,EST,..,..,..,..,..,..,..,..,..,..,..,..,..,..,..,..,..,..,..,..,..,..,..,..,..,..,..,..,..,..,..,..,..,..,..,..,..,..,..,..,..,..,..,..,..,..,..,..,..,..,..,..,..,..,..,..,..
"Total alcohol consumption per capita (liters of pure alcohol, projected estimates, 15+ years of age)",SH.ALC.PCAP.LI,Ethiopia,ETH,..,..,..,..,..,..,..,..,..,..,..,..,..,..,..,..,..,..,..,..,..,..,..,..,..,..,..,..,..,..,..,..,..,..,..,..,..,..,..,..,..,..,..,..,..,..,..,..,..,..,..,..,..,..,..,4.3,..
"Total alcohol consumption per capita (liters of pure alcohol, projected estimates, 15+ years of age)",SH.ALC.PCAP.LI,Euro area,EMU,..,..,..,..,..,..,..,..,..,..,..,..,..,..,..,..,..,..,..,..,..,..,..,..,..,..,..,..,..,..,..,..,..,..,..,..,..,..,..,..,..,..,..,..,..,..,..,..,..,..,..,..,..,..,..,9.98506456542768,..
"Total alcohol consumption per capita (liters of pure alcohol, projected estimates, 15+ years of age)",SH.ALC.PCAP.LI,Europe & Central Asia,ECS,..,..,..,..,..,..,..,..,..,..,..,..,..,..,..,..,..,..,..,..,..,..,..,..,..,..,..,..,..,..,..,..,..,..,..,..,..,..,..,..,..,..,..,..,..,..,..,..,..,..,..,..,..,..,..,10.2489018328993,..
"Total alcohol consumption per capita (liters of pure alcohol, projected estimates, 15+ years of age)",SH.ALC.PCAP.LI,Europe & Central Asia (excluding high income),ECA,..,..,..,..,..,..,..,..,..,..,..,..,..,..,..,..,..,..,..,..,..,..,..,..,..,..,..,..,..,..,..,..,..,..,..,..,..,..,..,..,..,..,..,..,..,..,..,..,..,..,..,..,..,..,..,9.98753662893621,..
"Total alcohol consumption per capita (liters of pure alcohol, projected estimates, 15+ years of age)",SH.ALC.PCAP.LI,Europe & Central Asia (IDA & IBRD countries),TEC,..,..,..,..,..,..,..,..,..,..,..,..,..,..,..,..,..,..,..,..,..,..,..,..,..,..,..,..,..,..,..,..,..,..,..,..,..,..,..,..,..,..,..,..,..,..,..,..,..,..,..,..,..,..,..,10.1228260398801,..
"Total alcohol consumption per capita (liters of pure alcohol, projected estimates, 15+ years of age)",SH.ALC.PCAP.LI,European Union,EUU,..,..,..,..,..,..,..,..,..,..,..,..,..,..,..,..,..,..,..,..,..,..,..,..,..,..,..,..,..,..,..,..,..,..,..,..,..,..,..,..,..,..,..,..,..,..,..,..,..,..,..,..,..,..,..,10.6088632502918,..
"Total alcohol consumption per capita (liters of pure alcohol, projected estimates, 15+ years of age)",SH.ALC.PCAP.LI,Faroe Islands,FRO,..,..,..,..,..,..,..,..,..,..,..,..,..,..,..,..,..,..,..,..,..,..,..,..,..,..,..,..,..,..,..,..,..,..,..,..,..,..,..,..,..,..,..,..,..,..,..,..,..,..,..,..,..,..,..,..,..
"Total alcohol consumption per capita (liters of pure alcohol, projected estimates, 15+ years of age)",SH.ALC.PCAP.LI,Fiji,FJI,..,..,..,..,..,..,..,..,..,..,..,..,..,..,..,..,..,..,..,..,..,..,..,..,..,..,..,..,..,..,..,..,..,..,..,..,..,..,..,..,..,..,..,..,..,..,..,..,..,..,..,..,..,..,..,3.2,..
"Total alcohol consumption per capita (liters of pure alcohol, projected estimates, 15+ years of age)",SH.ALC.PCAP.LI,Finland,FIN,..,..,..,..,..,..,..,..,..,..,..,..,..,..,..,..,..,..,..,..,..,..,..,..,..,..,..,..,..,..,..,..,..,..,..,..,..,..,..,..,..,..,..,..,..,..,..,..,..,..,..,..,..,..,..,11.9,..
"Total alcohol consumption per capita (liters of pure alcohol, projected estimates, 15+ years of age)",SH.ALC.PCAP.LI,Fragile and conflict affected situations,FCS,..,..,..,..,..,..,..,..,..,..,..,..,..,..,..,..,..,..,..,..,..,..,..,..,..,..,..,..,..,..,..,..,..,..,..,..,..,..,..,..,..,..,..,..,..,..,..,..,..,..,..,..,..,..,..,2.47592081452884,..
"Total alcohol consumption per capita (liters of pure alcohol, projected estimates, 15+ years of age)",SH.ALC.PCAP.LI,France,FRA,..,..,..,..,..,..,..,..,..,..,..,..,..,..,..,..,..,..,..,..,..,..,..,..,..,..,..,..,..,..,..,..,..,..,..,..,..,..,..,..,..,..,..,..,..,..,..,..,..,..,..,..,..,..,..,11.6,..
"Total alcohol consumption per capita (liters of pure alcohol, projected estimates, 15+ years of age)",SH.ALC.PCAP.LI,French Polynesia,PYF,..,..,..,..,..,..,..,..,..,..,..,..,..,..,..,..,..,..,..,..,..,..,..,..,..,..,..,..,..,..,..,..,..,..,..,..,..,..,..,..,..,..,..,..,..,..,..,..,..,..,..,..,..,..,..,..,..
"Total alcohol consumption per capita (liters of pure alcohol, projected estimates, 15+ years of age)",SH.ALC.PCAP.LI,Gabon,GAB,..,..,..,..,..,..,..,..,..,..,..,..,..,..,..,..,..,..,..,..,..,..,..,..,..,..,..,..,..,..,..,..,..,..,..,..,..,..,..,..,..,..,..,..,..,..,..,..,..,..,..,..,..,..,..,11.8,..
"Total alcohol consumption per capita (liters of pure alcohol, projected estimates, 15+ years of age)",SH.ALC.PCAP.LI,"Gambia, The",GMB,..,..,..,..,..,..,..,..,..,..,..,..,..,..,..,..,..,..,..,..,..,..,..,..,..,..,..,..,..,..,..,..,..,..,..,..,..,..,..,..,..,..,..,..,..,..,..,..,..,..,..,..,..,..,..,3.2,..
"Total alcohol consumption per capita (liters of pure alcohol, projected estimates, 15+ years of age)",SH.ALC.PCAP.LI,Georgia,GEO,..,..,..,..,..,..,..,..,..,..,..,..,..,..,..,..,..,..,..,..,..,..,..,..,..,..,..,..,..,..,..,..,..,..,..,..,..,..,..,..,..,..,..,..,..,..,..,..,..,..,..,..,..,..,..,6.7,..
"Total alcohol consumption per capita (liters of pure alcohol, projected estimates, 15+ years of age)",SH.ALC.PCAP.LI,Germany,DEU,..,..,..,..,..,..,..,..,..,..,..,..,..,..,..,..,..,..,..,..,..,..,..,..,..,..,..,..,..,..,..,..,..,..,..,..,..,..,..,..,..,..,..,..,..,..,..,..,..,..,..,..,..,..,..,10.6,..
"Total alcohol consumption per capita (liters of pure alcohol, projected estimates, 15+ years of age)",SH.ALC.PCAP.LI,Ghana,GHA,..,..,..,..,..,..,..,..,..,..,..,..,..,..,..,..,..,..,..,..,..,..,..,..,..,..,..,..,..,..,..,..,..,..,..,..,..,..,..,..,..,..,..,..,..,..,..,..,..,..,..,..,..,..,..,5.4,..
"Total alcohol consumption per capita (liters of pure alcohol, projected estimates, 15+ years of age)",SH.ALC.PCAP.LI,Gibraltar,GIB,..,..,..,..,..,..,..,..,..,..,..,..,..,..,..,..,..,..,..,..,..,..,..,..,..,..,..,..,..,..,..,..,..,..,..,..,..,..,..,..,..,..,..,..,..,..,..,..,..,..,..,..,..,..,..,..,..
"Total alcohol consumption per capita (liters of pure alcohol, projected estimates, 15+ years of age)",SH.ALC.PCAP.LI,Greece,GRC,..,..,..,..,..,..,..,..,..,..,..,..,..,..,..,..,..,..,..,..,..,..,..,..,..,..,..,..,..,..,..,..,..,..,..,..,..,..,..,..,..,..,..,..,..,..,..,..,..,..,..,..,..,..,..,9.3,..
"Total alcohol consumption per capita (liters of pure alcohol, projected estimates, 15+ years of age)",SH.ALC.PCAP.LI,Greenland,GRL,..,..,..,..,..,..,..,..,..,..,..,..,..,..,..,..,..,..,..,..,..,..,..,..,..,..,..,..,..,..,..,..,..,..,..,..,..,..,..,..,..,..,..,..,..,..,..,..,..,..,..,..,..,..,..,..,..
"Total alcohol consumption per capita (liters of pure alcohol, projected estimates, 15+ years of age)",SH.ALC.PCAP.LI,Grenada,GRD,..,..,..,..,..,..,..,..,..,..,..,..,..,..,..,..,..,..,..,..,..,..,..,..,..,..,..,..,..,..,..,..,..,..,..,..,..,..,..,..,..,..,..,..,..,..,..,..,..,..,..,..,..,..,..,10.4,..
"Total alcohol consumption per capita (liters of pure alcohol, projected estimates, 15+ years of age)",SH.ALC.PCAP.LI,Guam,GUM,..,..,..,..,..,..,..,..,..,..,..,..,..,..,..,..,..,..,..,..,..,..,..,..,..,..,..,..,..,..,..,..,..,..,..,..,..,..,..,..,..,..,..,..,..,..,..,..,..,..,..,..,..,..,..,..,..
"Total alcohol consumption per capita (liters of pure alcohol, projected estimates, 15+ years of age)",SH.ALC.PCAP.LI,Guatemala,GTM,..,..,..,..,..,..,..,..,..,..,..,..,..,..,..,..,..,..,..,..,..,..,..,..,..,..,..,..,..,..,..,..,..,..,..,..,..,..,..,..,..,..,..,..,..,..,..,..,..,..,..,..,..,..,..,3.9,..
"Total alcohol consumption per capita (liters of pure alcohol, projected estimates, 15+ years of age)",SH.ALC.PCAP.LI,Guinea,GIN,..,..,..,..,..,..,..,..,..,..,..,..,..,..,..,..,..,..,..,..,..,..,..,..,..,..,..,..,..,..,..,..,..,..,..,..,..,..,..,..,..,..,..,..,..,..,..,..,..,..,..,..,..,..,..,0.7,..
"Total alcohol consumption per capita (liters of pure alcohol, projected estimates, 15+ years of age)",SH.ALC.PCAP.LI,Guinea-Bissau,GNB,..,..,..,..,..,..,..,..,..,..,..,..,..,..,..,..,..,..,..,..,..,..,..,..,..,..,..,..,..,..,..,..,..,..,..,..,..,..,..,..,..,..,..,..,..,..,..,..,..,..,..,..,..,..,..,4.3,..
"Total alcohol consumption per capita (liters of pure alcohol, projected estimates, 15+ years of age)",SH.ALC.PCAP.LI,Guyana,GUY,..,..,..,..,..,..,..,..,..,..,..,..,..,..,..,..,..,..,..,..,..,..,..,..,..,..,..,..,..,..,..,..,..,..,..,..,..,..,..,..,..,..,..,..,..,..,..,..,..,..,..,..,..,..,..,8.6,..
"Total alcohol consumption per capita (liters of pure alcohol, projected estimates, 15+ years of age)",SH.ALC.PCAP.LI,Haiti,HTI,..,..,..,..,..,..,..,..,..,..,..,..,..,..,..,..,..,..,..,..,..,..,..,..,..,..,..,..,..,..,..,..,..,..,..,..,..,..,..,..,..,..,..,..,..,..,..,..,..,..,..,..,..,..,..,5.9,..
"Total alcohol consumption per capita (liters of pure alcohol, projected estimates, 15+ years of age)",SH.ALC.PCAP.LI,Heavily indebted poor countries (HIPC),HPC,..,..,..,..,..,..,..,..,..,..,..,..,..,..,..,..,..,..,..,..,..,..,..,..,..,..,..,..,..,..,..,..,..,..,..,..,..,..,..,..,..,..,..,..,..,..,..,..,..,..,..,..,..,..,..,4.42435623758141,..
"Total alcohol consumption per capita (liters of pure alcohol, projected estimates, 15+ years of age)",SH.ALC.PCAP.LI,High income,HIC,..,..,..,..,..,..,..,..,..,..,..,..,..,..,..,..,..,..,..,..,..,..,..,..,..,..,..,..,..,..,..,..,..,..,..,..,..,..,..,..,..,..,..,..,..,..,..,..,..,..,..,..,..,..,..,9.25573979009647,..
"Total alcohol consumption per capita (liters of pure alcohol, projected estimates, 15+ years of age)",SH.ALC.PCAP.LI,Honduras,HND,..,..,..,..,..,..,..,..,..,..,..,..,..,..,..,..,..,..,..,..,..,..,..,..,..,..,..,..,..,..,..,..,..,..,..,..,..,..,..,..,..,..,..,..,..,..,..,..,..,..,..,..,..,..,..,4,..
"Total alcohol consumption per capita (liters of pure alcohol, projected estimates, 15+ years of age)",SH.ALC.PCAP.LI,"Hong Kong SAR, China",HKG,..,..,..,..,..,..,..,..,..,..,..,..,..,..,..,..,..,..,..,..,..,..,..,..,..,..,..,..,..,..,..,..,..,..,..,..,..,..,..,..,..,..,..,..,..,..,..,..,..,..,..,..,..,..,..,..,..
"Total alcohol consumption per capita (liters of pure alcohol, projected estimates, 15+ years of age)",SH.ALC.PCAP.LI,Hungary,HUN,..,..,..,..,..,..,..,..,..,..,..,..,..,..,..,..,..,..,..,..,..,..,..,..,..,..,..,..,..,..,..,..,..,..,..,..,..,..,..,..,..,..,..,..,..,..,..,..,..,..,..,..,..,..,..,12.4,..
"Total alcohol consumption per capita (liters of pure alcohol, projected estimates, 15+ years of age)",SH.ALC.PCAP.LI,Iceland,ISL,..,..,..,..,..,..,..,..,..,..,..,..,..,..,..,..,..,..,..,..,..,..,..,..,..,..,..,..,..,..,..,..,..,..,..,..,..,..,..,..,..,..,..,..,..,..,..,..,..,..,..,..,..,..,..,6.9,..
"Total alcohol consumption per capita (liters of pure alcohol, projected estimates, 15+ years of age)",SH.ALC.PCAP.LI,India,IND,..,..,..,..,..,..,..,..,..,..,..,..,..,..,..,..,..,..,..,..,..,..,..,..,..,..,..,..,..,..,..,..,..,..,..,..,..,..,..,..,..,..,..,..,..,..,..,..,..,..,..,..,..,..,..,4.6,..
"Total alcohol consumption per capita (liters of pure alcohol, projected estimates, 15+ years of age)",SH.ALC.PCAP.LI,Indonesia,IDN,..,..,..,..,..,..,..,..,..,..,..,..,..,..,..,..,..,..,..,..,..,..,..,..,..,..,..,..,..,..,..,..,..,..,..,..,..,..,..,..,..,..,..,..,..,..,..,..,..,..,..,..,..,..,..,0.6,..
"Total alcohol consumption per capita (liters of pure alcohol, projected estimates, 15+ years of age)",SH.ALC.PCAP.LI,"Iran, Islamic Rep.",IRN,..,..,..,..,..,..,..,..,..,..,..,..,..,..,..,..,..,..,..,..,..,..,..,..,..,..,..,..,..,..,..,..,..,..,..,..,..,..,..,..,..,..,..,..,..,..,..,..,..,..,..,..,..,..,..,1,..
"Total alcohol consumption per capita (liters of pure alcohol, projected estimates, 15+ years of age)",SH.ALC.PCAP.LI,Iraq,IRQ,..,..,..,..,..,..,..,..,..,..,..,..,..,..,..,..,..,..,..,..,..,..,..,..,..,..,..,..,..,..,..,..,..,..,..,..,..,..,..,..,..,..,..,..,..,..,..,..,..,..,..,..,..,..,..,0.5,..
"Total alcohol consumption per capita (liters of pure alcohol, projected estimates, 15+ years of age)",SH.ALC.PCAP.LI,Ireland,IRL,..,..,..,..,..,..,..,..,..,..,..,..,..,..,..,..,..,..,..,..,..,..,..,..,..,..,..,..,..,..,..,..,..,..,..,..,..,..,..,..,..,..,..,..,..,..,..,..,..,..,..,..,..,..,..,10.9,..
"Total alcohol consumption per capita (liters of pure alcohol, projected estimates, 15+ years of age)",SH.ALC.PCAP.LI,Isle of Man,IMN,..,..,..,..,..,..,..,..,..,..,..,..,..,..,..,..,..,..,..,..,..,..,..,..,..,..,..,..,..,..,..,..,..,..,..,..,..,..,..,..,..,..,..,..,..,..,..,..,..,..,..,..,..,..,..,..,..
"Total alcohol consumption per capita (liters of pure alcohol, projected estimates, 15+ years of age)",SH.ALC.PCAP.LI,Israel,ISR,..,..,..,..,..,..,..,..,..,..,..,..,..,..,..,..,..,..,..,..,..,..,..,..,..,..,..,..,..,..,..,..,..,..,..,..,..,..,..,..,..,..,..,..,..,..,..,..,..,..,..,..,..,..,..,3.1,..
"Total alcohol consumption per capita (liters of pure alcohol, projected estimates, 15+ years of age)",SH.ALC.PCAP.LI,Italy,ITA,..,..,..,..,..,..,..,..,..,..,..,..,..,..,..,..,..,..,..,..,..,..,..,..,..,..,..,..,..,..,..,..,..,..,..,..,..,..,..,..,..,..,..,..,..,..,..,..,..,..,..,..,..,..,..,6.1,..
"Total alcohol consumption per capita (liters of pure alcohol, projected estimates, 15+ years of age)",SH.ALC.PCAP.LI,Jamaica,JAM,..,..,..,..,..,..,..,..,..,..,..,..,..,..,..,..,..,..,..,..,..,..,..,..,..,..,..,..,..,..,..,..,..,..,..,..,..,..,..,..,..,..,..,..,..,..,..,..,..,..,..,..,..,..,..,5.1,..
"Total alcohol consumption per capita (liters of pure alcohol, projected estimates, 15+ years of age)",SH.ALC.PCAP.LI,Japan,JPN,..,..,..,..,..,..,..,..,..,..,..,..,..,..,..,..,..,..,..,..,..,..,..,..,..,..,..,..,..,..,..,..,..,..,..,..,..,..,..,..,..,..,..,..,..,..,..,..,..,..,..,..,..,..,..,7.5,..
"Total alcohol consumption per capita (liters of pure alcohol, projected estimates, 15+ years of age)",SH.ALC.PCAP.LI,Jordan,JOR,..,..,..,..,..,..,..,..,..,..,..,..,..,..,..,..,..,..,..,..,..,..,..,..,..,..,..,..,..,..,..,..,..,..,..,..,..,..,..,..,..,..,..,..,..,..,..,..,..,..,..,..,..,..,..,0.7,..
"Total alcohol consumption per capita (liters of pure alcohol, projected estimates, 15+ years of age)",SH.ALC.PCAP.LI,Kazakhstan,KAZ,..,..,..,..,..,..,..,..,..,..,..,..,..,..,..,..,..,..,..,..,..,..,..,..,..,..,..,..,..,..,..,..,..,..,..,..,..,..,..,..,..,..,..,..,..,..,..,..,..,..,..,..,..,..,..,8.2,..
"Total alcohol consumption per capita (liters of pure alcohol, projected estimates, 15+ years of age)",SH.ALC.PCAP.LI,Kenya,KEN,..,..,..,..,..,..,..,..,..,..,..,..,..,..,..,..,..,..,..,..,..,..,..,..,..,..,..,..,..,..,..,..,..,..,..,..,..,..,..,..,..,..,..,..,..,..,..,..,..,..,..,..,..,..,..,4,..
"Total alcohol consumption per capita (liters of pure alcohol, projected estimates, 15+ years of age)",SH.ALC.PCAP.LI,Kiribati,KIR,..,..,..,..,..,..,..,..,..,..,..,..,..,..,..,..,..,..,..,..,..,..,..,..,..,..,..,..,..,..,..,..,..,..,..,..,..,..,..,..,..,..,..,..,..,..,..,..,..,..,..,..,..,..,..,2.9,..
"Total alcohol consumption per capita (liters of pure alcohol, projected estimates, 15+ years of age)",SH.ALC.PCAP.LI,"Korea, Dem. People’s Rep.",PRK,..,..,..,..,..,..,..,..,..,..,..,..,..,..,..,..,..,..,..,..,..,..,..,..,..,..,..,..,..,..,..,..,..,..,..,..,..,..,..,..,..,..,..,..,..,..,..,..,..,..,..,..,..,..,..,4.4,..
"Total alcohol consumption per capita (liters of pure alcohol, projected estimates, 15+ years of age)",SH.ALC.PCAP.LI,"Korea, Rep.",KOR,..,..,..,..,..,..,..,..,..,..,..,..,..,..,..,..,..,..,..,..,..,..,..,..,..,..,..,..,..,..,..,..,..,..,..,..,..,..,..,..,..,..,..,..,..,..,..,..,..,..,..,..,..,..,..,10.9,..
"Total alcohol consumption per capita (liters of pure alcohol, projected estimates, 15+ years of age)",SH.ALC.PCAP.LI,Kosovo,XKX,..,..,..,..,..,..,..,..,..,..,..,..,..,..,..,..,..,..,..,..,..,..,..,..,..,..,..,..,..,..,..,..,..,..,..,..,..,..,..,..,..,..,..,..,..,..,..,..,..,..,..,..,..,..,..,..,..
"Total alcohol consumption per capita (liters of pure alcohol, projected estimates, 15+ years of age)",SH.ALC.PCAP.LI,Kuwait,KWT,..,..,..,..,..,..,..,..,..,..,..,..,..,..,..,..,..,..,..,..,..,..,..,..,..,..,..,..,..,..,..,..,..,..,..,..,..,..,..,..,..,..,..,..,..,..,..,..,..,..,..,..,..,..,..,0.1,..
"Total alcohol consumption per capita (liters of pure alcohol, projected estimates, 15+ years of age)",SH.ALC.PCAP.LI,Kyrgyz Republic,KGZ,..,..,..,..,..,..,..,..,..,..,..,..,..,..,..,..,..,..,..,..,..,..,..,..,..,..,..,..,..,..,..,..,..,..,..,..,..,..,..,..,..,..,..,..,..,..,..,..,..,..,..,..,..,..,..,3.9,..
"Total alcohol consumption per capita (liters of pure alcohol, projected estimates, 15+ years of age)",SH.ALC.PCAP.LI,Lao PDR,LAO,..,..,..,..,..,..,..,..,..,..,..,..,..,..,..,..,..,..,..,..,..,..,..,..,..,..,..,..,..,..,..,..,..,..,..,..,..,..,..,..,..,..,..,..,..,..,..,..,..,..,..,..,..,..,..,7.5,..
"Total alcohol consumption per capita (liters of pure alcohol, projected estimates, 15+ years of age)",SH.ALC.PCAP.LI,Late-demographic dividend,LTE,..,..,..,..,..,..,..,..,..,..,..,..,..,..,..,..,..,..,..,..,..,..,..,..,..,..,..,..,..,..,..,..,..,..,..,..,..,..,..,..,..,..,..,..,..,..,..,..,..,..,..,..,..,..,..,8.04856676804032,..
"Total alcohol consumption per capita (liters of pure alcohol, projected estimates, 15+ years of age)",SH.ALC.PCAP.LI,Latin America & Caribbean,LCN,..,..,..,..,..,..,..,..,..,..,..,..,..,..,..,..,..,..,..,..,..,..,..,..,..,..,..,..,..,..,..,..,..,..,..,..,..,..,..,..,..,..,..,..,..,..,..,..,..,..,..,..,..,..,..,7.49839913912321,..
"Total alcohol consumption per capita (liters of pure alcohol, projected estimates, 15+ years of age)",SH.ALC.PCAP.LI,Latin America & Caribbean (excluding high income),LAC,..,..,..,..,..,..,..,..,..,..,..,..,..,..,..,..,..,..,..,..,..,..,..,..,..,..,..,..,..,..,..,..,..,..,..,..,..,..,..,..,..,..,..,..,..,..,..,..,..,..,..,..,..,..,..,7.45047884671998,..
"Total alcohol consumption per capita (liters of pure alcohol, projected estimates, 15+ years of age)",SH.ALC.PCAP.LI,Latin America & the Caribbean (IDA & IBRD countries),TLA,..,..,..,..,..,..,..,..,..,..,..,..,..,..,..,..,..,..,..,..,..,..,..,..,..,..,..,..,..,..,..,..,..,..,..,..,..,..,..,..,..,..,..,..,..,..,..,..,..,..,..,..,..,..,..,7.54316276508349,..
"Total alcohol consumption per capita (liters of pure alcohol, projected estimates, 15+ years of age)",SH.ALC.PCAP.LI,Latvia,LVA,..,..,..,..,..,..,..,..,..,..,..,..,..,..,..,..,..,..,..,..,..,..,..,..,..,..,..,..,..,..,..,..,..,..,..,..,..,..,..,..,..,..,..,..,..,..,..,..,..,..,..,..,..,..,..,10.6,..
"Total alcohol consumption per capita (liters of pure alcohol, projected estimates, 15+ years of age)",SH.ALC.PCAP.LI,Least developed countries: UN classification,LDC,..,..,..,..,..,..,..,..,..,..,..,..,..,..,..,..,..,..,..,..,..,..,..,..,..,..,..,..,..,..,..,..,..,..,..,..,..,..,..,..,..,..,..,..,..,..,..,..,..,..,..,..,..,..,..,3.08725887925366,..
"Total alcohol consumption per capita (liters of pure alcohol, projected estimates, 15+ years of age)",SH.ALC.PCAP.LI,Lebanon,LBN,..,..,..,..,..,..,..,..,..,..,..,..,..,..,..,..,..,..,..,..,..,..,..,..,..,..,..,..,..,..,..,..,..,..,..,..,..,..,..,..,..,..,..,..,..,..,..,..,..,..,..,..,..,..,..,2.2,..
"Total alcohol consumption per capita (liters of pure alcohol, projected estimates, 15+ years of age)",SH.ALC.PCAP.LI,Lesotho,LSO,..,..,..,..,..,..,..,..,..,..,..,..,..,..,..,..,..,..,..,..,..,..,..,..,..,..,..,..,..,..,..,..,..,..,..,..,..,..,..,..,..,..,..,..,..,..,..,..,..,..,..,..,..,..,..,6.4,..
"Total alcohol consumption per capita (liters of pure alcohol, projected estimates, 15+ years of age)",SH.ALC.PCAP.LI,Liberia,LBR,..,..,..,..,..,..,..,..,..,..,..,..,..,..,..,..,..,..,..,..,..,..,..,..,..,..,..,..,..,..,..,..,..,..,..,..,..,..,..,..,..,..,..,..,..,..,..,..,..,..,..,..,..,..,..,5.2,..
"Total alcohol consumption per capita (liters of pure alcohol, projected estimates, 15+ years of age)",SH.ALC.PCAP.LI,Libya,LBY,..,..,..,..,..,..,..,..,..,..,..,..,..,..,..,..,..,..,..,..,..,..,..,..,..,..,..,..,..,..,..,..,..,..,..,..,..,..,..,..,..,..,..,..,..,..,..,..,..,..,..,..,..,..,..,0,..
"Total alcohol consumption per capita (liters of pure alcohol, projected estimates, 15+ years of age)",SH.ALC.PCAP.LI,Liechtenstein,LIE,..,..,..,..,..,..,..,..,..,..,..,..,..,..,..,..,..,..,..,..,..,..,..,..,..,..,..,..,..,..,..,..,..,..,..,..,..,..,..,..,..,..,..,..,..,..,..,..,..,..,..,..,..,..,..,..,..
"Total alcohol consumption per capita (liters of pure alcohol, projected estimates, 15+ years of age)",SH.ALC.PCAP.LI,Lithuania,LTU,..,..,..,..,..,..,..,..,..,..,..,..,..,..,..,..,..,..,..,..,..,..,..,..,..,..,..,..,..,..,..,..,..,..,..,..,..,..,..,..,..,..,..,..,..,..,..,..,..,..,..,..,..,..,..,16.2,..
"Total alcohol consumption per capita (liters of pure alcohol, projected estimates, 15+ years of age)",SH.ALC.PCAP.LI,Low & middle income,LMY,..,..,..,..,..,..,..,..,..,..,..,..,..,..,..,..,..,..,..,..,..,..,..,..,..,..,..,..,..,..,..,..,..,..,..,..,..,..,..,..,..,..,..,..,..,..,..,..,..,..,..,..,..,..,..,5.7034897264909,..
"Total alcohol consumption per capita (liters of pure alcohol, projected estimates, 15+ years of age)",SH.ALC.PCAP.LI,Low income,LIC,..,..,..,..,..,..,..,..,..,..,..,..,..,..,..,..,..,..,..,..,..,..,..,..,..,..,..,..,..,..,..,..,..,..,..,..,..,..,..,..,..,..,..,..,..,..,..,..,..,..,..,..,..,..,..,4.19038629432158,..
"Total alcohol consumption per capita (liters of pure alcohol, projected estimates, 15+ years of age)",SH.ALC.PCAP.LI,Lower middle income,LMC,..,..,..,..,..,..,..,..,..,..,..,..,..,..,..,..,..,..,..,..,..,..,..,..,..,..,..,..,..,..,..,..,..,..,..,..,..,..,..,..,..,..,..,..,..,..,..,..,..,..,..,..,..,..,..,4.07889829019612,..
"Total alcohol consumption per capita (liters of pure alcohol, projected estimates, 15+ years of age)",SH.ALC.PCAP.LI,Luxembourg,LUX,..,..,..,..,..,..,..,..,..,..,..,..,..,..,..,..,..,..,..,..,..,..,..,..,..,..,..,..,..,..,..,..,..,..,..,..,..,..,..,..,..,..,..,..,..,..,..,..,..,..,..,..,..,..,..,11.2,..
"Total alcohol consumption per capita (liters of pure alcohol, projected estimates, 15+ years of age)",SH.ALC.PCAP.LI,"Macao SAR, China",MAC,..,..,..,..,..,..,..,..,..,..,..,..,..,..,..,..,..,..,..,..,..,..,..,..,..,..,..,..,..,..,..,..,..,..,..,..,..,..,..,..,..,..,..,..,..,..,..,..,..,..,..,..,..,..,..,..,..
"Total alcohol consumption per capita (liters of pure alcohol, projected estimates, 15+ years of age)",SH.ALC.PCAP.LI,"Macedonia, FYR",MKD,..,..,..,..,..,..,..,..,..,..,..,..,..,..,..,..,..,..,..,..,..,..,..,..,..,..,..,..,..,..,..,..,..,..,..,..,..,..,..,..,..,..,..,..,..,..,..,..,..,..,..,..,..,..,..,5.7,..
"Total alcohol consumption per capita (liters of pure alcohol, projected estimates, 15+ years of age)",SH.ALC.PCAP.LI,Madagascar,MDG,..,..,..,..,..,..,..,..,..,..,..,..,..,..,..,..,..,..,..,..,..,..,..,..,..,..,..,..,..,..,..,..,..,..,..,..,..,..,..,..,..,..,..,..,..,..,..,..,..,..,..,..,..,..,..,1.9,..
"Total alcohol consumption per capita (liters of pure alcohol, projected estimates, 15+ years of age)",SH.ALC.PCAP.LI,Malawi,MWI,..,..,..,..,..,..,..,..,..,..,..,..,..,..,..,..,..,..,..,..,..,..,..,..,..,..,..,..,..,..,..,..,..,..,..,..,..,..,..,..,..,..,..,..,..,..,..,..,..,..,..,..,..,..,..,2.5,..
"Total alcohol consumption per capita (liters of pure alcohol, projected estimates, 15+ years of age)",SH.ALC.PCAP.LI,Malaysia,MYS,..,..,..,..,..,..,..,..,..,..,..,..,..,..,..,..,..,..,..,..,..,..,..,..,..,..,..,..,..,..,..,..,..,..,..,..,..,..,..,..,..,..,..,..,..,..,..,..,..,..,..,..,..,..,..,1.7,..
"Total alcohol consumption per capita (liters of pure alcohol, projected estimates, 15+ years of age)",SH.ALC.PCAP.LI,Maldives,MDV,..,..,..,..,..,..,..,..,..,..,..,..,..,..,..,..,..,..,..,..,..,..,..,..,..,..,..,..,..,..,..,..,..,..,..,..,..,..,..,..,..,..,..,..,..,..,..,..,..,..,..,..,..,..,..,1,..
"Total alcohol consumption per capita (liters of pure alcohol, projected estimates, 15+ years of age)",SH.ALC.PCAP.LI,Mali,MLI,..,..,..,..,..,..,..,..,..,..,..,..,..,..,..,..,..,..,..,..,..,..,..,..,..,..,..,..,..,..,..,..,..,..,..,..,..,..,..,..,..,..,..,..,..,..,..,..,..,..,..,..,..,..,..,1,..
"Total alcohol consumption per capita (liters of pure alcohol, projected estimates, 15+ years of age)",SH.ALC.PCAP.LI,Malta,MLT,..,..,..,..,..,..,..,..,..,..,..,..,..,..,..,..,..,..,..,..,..,..,..,..,..,..,..,..,..,..,..,..,..,..,..,..,..,..,..,..,..,..,..,..,..,..,..,..,..,..,..,..,..,..,..,7.2,..
"Total alcohol consumption per capita (liters of pure alcohol, projected estimates, 15+ years of age)",SH.ALC.PCAP.LI,Marshall Islands,MHL,..,..,..,..,..,..,..,..,..,..,..,..,..,..,..,..,..,..,..,..,..,..,..,..,..,..,..,..,..,..,..,..,..,..,..,..,..,..,..,..,..,..,..,..,..,..,..,..,..,..,..,..,..,..,..,..,..
"Total alcohol consumption per capita (liters of pure alcohol, projected estimates, 15+ years of age)",SH.ALC.PCAP.LI,Mauritania,MRT,..,..,..,..,..,..,..,..,..,..,..,..,..,..,..,..,..,..,..,..,..,..,..,..,..,..,..,..,..,..,..,..,..,..,..,..,..,..,..,..,..,..,..,..,..,..,..,..,..,..,..,..,..,..,..,0.1,..
"Total alcohol consumption per capita (liters of pure alcohol, projected estimates, 15+ years of age)",SH.ALC.PCAP.LI,Mauritius,MUS,..,..,..,..,..,..,..,..,..,..,..,..,..,..,..,..,..,..,..,..,..,..,..,..,..,..,..,..,..,..,..,..,..,..,..,..,..,..,..,..,..,..,..,..,..,..,..,..,..,..,..,..,..,..,..,4,..
"Total alcohol consumption per capita (liters of pure alcohol, projected estimates, 15+ years of age)",SH.ALC.PCAP.LI,Mexico,MEX,..,..,..,..,..,..,..,..,..,..,..,..,..,..,..,..,..,..,..,..,..,..,..,..,..,..,..,..,..,..,..,..,..,..,..,..,..,..,..,..,..,..,..,..,..,..,..,..,..,..,..,..,..,..,..,6.8,..
"Total alcohol consumption per capita (liters of pure alcohol, projected estimates, 15+ years of age)",SH.ALC.PCAP.LI,"Micronesia, Fed. Sts.",FSM,..,..,..,..,..,..,..,..,..,..,..,..,..,..,..,..,..,..,..,..,..,..,..,..,..,..,..,..,..,..,..,..,..,..,..,..,..,..,..,..,..,..,..,..,..,..,..,..,..,..,..,..,..,..,..,3.5,..
"Total alcohol consumption per capita (liters of pure alcohol, projected estimates, 15+ years of age)",SH.ALC.PCAP.LI,Middle East & North Africa,MEA,..,..,..,..,..,..,..,..,..,..,..,..,..,..,..,..,..,..,..,..,..,..,..,..,..,..,..,..,..,..,..,..,..,..,..,..,..,..,..,..,..,..,..,..,..,..,..,..,..,..,..,..,..,..,..,0.799709417960331,..
"Total alcohol consumption per capita (liters of pure alcohol, projected estimates, 15+ years of age)",SH.ALC.PCAP.LI,Middle East & North Africa (excluding high income),MNA,..,..,..,..,..,..,..,..,..,..,..,..,..,..,..,..,..,..,..,..,..,..,..,..,..,..,..,..,..,..,..,..,..,..,..,..,..,..,..,..,..,..,..,..,..,..,..,..,..,..,..,..,..,..,..,0.676289298585007,..
"Total alcohol consumption per capita (liters of pure alcohol, projected estimates, 15+ years of age)",SH.ALC.PCAP.LI,Middle East & North Africa (IDA & IBRD countries),TMN,..,..,..,..,..,..,..,..,..,..,..,..,..,..,..,..,..,..,..,..,..,..,..,..,..,..,..,..,..,..,..,..,..,..,..,..,..,..,..,..,..,..,..,..,..,..,..,..,..,..,..,..,..,..,..,0.676289298585007,..
"Total alcohol consumption per capita (liters of pure alcohol, projected estimates, 15+ years of age)",SH.ALC.PCAP.LI,Middle income,MIC,..,..,..,..,..,..,..,..,..,..,..,..,..,..,..,..,..,..,..,..,..,..,..,..,..,..,..,..,..,..,..,..,..,..,..,..,..,..,..,..,..,..,..,..,..,..,..,..,..,..,..,..,..,..,..,5.83704532224631,..
"Total alcohol consumption per capita (liters of pure alcohol, projected estimates, 15+ years of age)",SH.ALC.PCAP.LI,Moldova,MDA,..,..,..,..,..,..,..,..,..,..,..,..,..,..,..,..,..,..,..,..,..,..,..,..,..,..,..,..,..,..,..,..,..,..,..,..,..,..,..,..,..,..,..,..,..,..,..,..,..,..,..,..,..,..,..,17.4,..
"Total alcohol consumption per capita (liters of pure alcohol, projected estimates, 15+ years of age)",SH.ALC.PCAP.LI,Monaco,MCO,..,..,..,..,..,..,..,..,..,..,..,..,..,..,..,..,..,..,..,..,..,..,..,..,..,..,..,..,..,..,..,..,..,..,..,..,..,..,..,..,..,..,..,..,..,..,..,..,..,..,..,..,..,..,..,..,..
"Total alcohol consumption per capita (liters of pure alcohol, projected estimates, 15+ years of age)",SH.ALC.PCAP.LI,Mongolia,MNG,..,..,..,..,..,..,..,..,..,..,..,..,..,..,..,..,..,..,..,..,..,..,..,..,..,..,..,..,..,..,..,..,..,..,..,..,..,..,..,..,..,..,..,..,..,..,..,..,..,..,..,..,..,..,..,7.8,..
"Total alcohol consumption per capita (liters of pure alcohol, projected estimates, 15+ years of age)",SH.ALC.PCAP.LI,Montenegro,MNE,..,..,..,..,..,..,..,..,..,..,..,..,..,..,..,..,..,..,..,..,..,..,..,..,..,..,..,..,..,..,..,..,..,..,..,..,..,..,..,..,..,..,..,..,..,..,..,..,..,..,..,..,..,..,..,11.5,..
"Total alcohol consumption per capita (liters of pure alcohol, projected estimates, 15+ years of age)",SH.ALC.PCAP.LI,Morocco,MAR,..,..,..,..,..,..,..,..,..,..,..,..,..,..,..,..,..,..,..,..,..,..,..,..,..,..,..,..,..,..,..,..,..,..,..,..,..,..,..,..,..,..,..,..,..,..,..,..,..,..,..,..,..,..,..,0.7,..
"Total alcohol consumption per capita (liters of pure alcohol, projected estimates, 15+ years of age)",SH.ALC.PCAP.LI,Mozambique,MOZ,..,..,..,..,..,..,..,..,..,..,..,..,..,..,..,..,..,..,..,..,..,..,..,..,..,..,..,..,..,..,..,..,..,..,..,..,..,..,..,..,..,..,..,..,..,..,..,..,..,..,..,..,..,..,..,2,..
"Total alcohol consumption per capita (liters of pure alcohol, projected estimates, 15+ years of age)",SH.ALC.PCAP.LI,Myanmar,MMR,..,..,..,..,..,..,..,..,..,..,..,..,..,..,..,..,..,..,..,..,..,..,..,..,..,..,..,..,..,..,..,..,..,..,..,..,..,..,..,..,..,..,..,..,..,..,..,..,..,..,..,..,..,..,..,0.7,..
"Total alcohol consumption per capita (liters of pure alcohol, projected estimates, 15+ years of age)",SH.ALC.PCAP.LI,Namibia,NAM,..,..,..,..,..,..,..,..,..,..,..,..,..,..,..,..,..,..,..,..,..,..,..,..,..,..,..,..,..,..,..,..,..,..,..,..,..,..,..,..,..,..,..,..,..,..,..,..,..,..,..,..,..,..,..,11.8,..
"Total alcohol consumption per capita (liters of pure alcohol, projected estimates, 15+ years of age)",SH.ALC.PCAP.LI,Nauru,NRU,..,..,..,..,..,..,..,..,..,..,..,..,..,..,..,..,..,..,..,..,..,..,..,..,..,..,..,..,..,..,..,..,..,..,..,..,..,..,..,..,..,..,..,..,..,..,..,..,..,..,..,..,..,..,..,3,..
"Total alcohol consumption per capita (liters of pure alcohol, projected estimates, 15+ years of age)",SH.ALC.PCAP.LI,Nepal,NPL,..,..,..,..,..,..,..,..,..,..,..,..,..,..,..,..,..,..,..,..,..,..,..,..,..,..,..,..,..,..,..,..,..,..,..,..,..,..,..,..,..,..,..,..,..,..,..,..,..,..,..,..,..,..,..,2.1,..
"Total alcohol consumption per capita (liters of pure alcohol, projected estimates, 15+ years of age)",SH.ALC.PCAP.LI,Netherlands,NLD,..,..,..,..,..,..,..,..,..,..,..,..,..,..,..,..,..,..,..,..,..,..,..,..,..,..,..,..,..,..,..,..,..,..,..,..,..,..,..,..,..,..,..,..,..,..,..,..,..,..,..,..,..,..,..,9.6,..
"Total alcohol consumption per capita (liters of pure alcohol, projected estimates, 15+ years of age)",SH.ALC.PCAP.LI,New Caledonia,NCL,..,..,..,..,..,..,..,..,..,..,..,..,..,..,..,..,..,..,..,..,..,..,..,..,..,..,..,..,..,..,..,..,..,..,..,..,..,..,..,..,..,..,..,..,..,..,..,..,..,..,..,..,..,..,..,..,..
"Total alcohol consumption per capita (liters of pure alcohol, projected estimates, 15+ years of age)",SH.ALC.PCAP.LI,New Zealand,NZL,..,..,..,..,..,..,..,..,..,..,..,..,..,..,..,..,..,..,..,..,..,..,..,..,..,..,..,..,..,..,..,..,..,..,..,..,..,..,..,..,..,..,..,..,..,..,..,..,..,..,..,..,..,..,..,11.2,..
"Total alcohol consumption per capita (liters of pure alcohol, projected estimates, 15+ years of age)",SH.ALC.PCAP.LI,Nicaragua,NIC,..,..,..,..,..,..,..,..,..,..,..,..,..,..,..,..,..,..,..,..,..,..,..,..,..,..,..,..,..,..,..,..,..,..,..,..,..,..,..,..,..,..,..,..,..,..,..,..,..,..,..,..,..,..,..,4.6,..
"Total alcohol consumption per capita (liters of pure alcohol, projected estimates, 15+ years of age)",SH.ALC.PCAP.LI,Niger,NER,..,..,..,..,..,..,..,..,..,..,..,..,..,..,..,..,..,..,..,..,..,..,..,..,..,..,..,..,..,..,..,..,..,..,..,..,..,..,..,..,..,..,..,..,..,..,..,..,..,..,..,..,..,..,..,0.3,..
"Total alcohol consumption per capita (liters of pure alcohol, projected estimates, 15+ years of age)",SH.ALC.PCAP.LI,Nigeria,NGA,..,..,..,..,..,..,..,..,..,..,..,..,..,..,..,..,..,..,..,..,..,..,..,..,..,..,..,..,..,..,..,..,..,..,..,..,..,..,..,..,..,..,..,..,..,..,..,..,..,..,..,..,..,..,..,11.3,..
"Total alcohol consumption per capita (liters of pure alcohol, projected estimates, 15+ years of age)",SH.ALC.PCAP.LI,North America,NAC,..,..,..,..,..,..,..,..,..,..,..,..,..,..,..,..,..,..,..,..,..,..,..,..,..,..,..,..,..,..,..,..,..,..,..,..,..,..,..,..,..,..,..,..,..,..,..,..,..,..,..,..,..,..,..,9.13532083204077,..
"Total alcohol consumption per capita (liters of pure alcohol, projected estimates, 15+ years of age)",SH.ALC.PCAP.LI,Northern Mariana Islands,MNP,..,..,..,..,..,..,..,..,..,..,..,..,..,..,..,..,..,..,..,..,..,..,..,..,..,..,..,..,..,..,..,..,..,..,..,..,..,..,..,..,..,..,..,..,..,..,..,..,..,..,..,..,..,..,..,..,..
"Total alcohol consumption per capita (liters of pure alcohol, projected estimates, 15+ years of age)",SH.ALC.PCAP.LI,Norway,NOR,..,..,..,..,..,..,..,..,..,..,..,..,..,..,..,..,..,..,..,..,..,..,..,..,..,..,..,..,..,..,..,..,..,..,..,..,..,..,..,..,..,..,..,..,..,..,..,..,..,..,..,..,..,..,..,7,..
"Total alcohol consumption per capita (liters of pure alcohol, projected estimates, 15+ years of age)",SH.ALC.PCAP.LI,Not classified,INX,..,..,..,..,..,..,..,..,..,..,..,..,..,..,..,..,..,..,..,..,..,..,..,..,..,..,..,..,..,..,..,..,..,..,..,..,..,..,..,..,..,..,..,..,..,..,..,..,..,..,..,..,..,..,..,..,..
"Total alcohol consumption per capita (liters of pure alcohol, projected estimates, 15+ years of age)",SH.ALC.PCAP.LI,OECD members,OED,..,..,..,..,..,..,..,..,..,..,..,..,..,..,..,..,..,..,..,..,..,..,..,..,..,..,..,..,..,..,..,..,..,..,..,..,..,..,..,..,..,..,..,..,..,..,..,..,..,..,..,..,..,..,..,9.00292793194086,..
"Total alcohol consumption per capita (liters of pure alcohol, projected estimates, 15+ years of age)",SH.ALC.PCAP.LI,Oman,OMN,..,..,..,..,..,..,..,..,..,..,..,..,..,..,..,..,..,..,..,..,..,..,..,..,..,..,..,..,..,..,..,..,..,..,..,..,..,..,..,..,..,..,..,..,..,..,..,..,..,..,..,..,..,..,..,0.9,..
"Total alcohol consumption per capita (liters of pure alcohol, projected estimates, 15+ years of age)",SH.ALC.PCAP.LI,Other small states,OSS,..,..,..,..,..,..,..,..,..,..,..,..,..,..,..,..,..,..,..,..,..,..,..,..,..,..,..,..,..,..,..,..,..,..,..,..,..,..,..,..,..,..,..,..,..,..,..,..,..,..,..,..,..,..,..,5.58681153406352,..
"Total alcohol consumption per capita (liters of pure alcohol, projected estimates, 15+ years of age)",SH.ALC.PCAP.LI,Pacific island small states,PSS,..,..,..,..,..,..,..,..,..,..,..,..,..,..,..,..,..,..,..,..,..,..,..,..,..,..,..,..,..,..,..,..,..,..,..,..,..,..,..,..,..,..,..,..,..,..,..,..,..,..,..,..,..,..,..,2.48409102205745,..
"Total alcohol consumption per capita (liters of pure alcohol, projected estimates, 15+ years of age)",SH.ALC.PCAP.LI,Pakistan,PAK,..,..,..,..,..,..,..,..,..,..,..,..,..,..,..,..,..,..,..,..,..,..,..,..,..,..,..,..,..,..,..,..,..,..,..,..,..,..,..,..,..,..,..,..,..,..,..,..,..,..,..,..,..,..,..,0.1,..
"Total alcohol consumption per capita (liters of pure alcohol, projected estimates, 15+ years of age)",SH.ALC.PCAP.LI,Palau,PLW,..,..,..,..,..,..,..,..,..,..,..,..,..,..,..,..,..,..,..,..,..,..,..,..,..,..,..,..,..,..,..,..,..,..,..,..,..,..,..,..,..,..,..,..,..,..,..,..,..,..,..,..,..,..,..,..,..
"Total alcohol consumption per capita (liters of pure alcohol, projected estimates, 15+ years of age)",SH.ALC.PCAP.LI,Panama,PAN,..,..,..,..,..,..,..,..,..,..,..,..,..,..,..,..,..,..,..,..,..,..,..,..,..,..,..,..,..,..,..,..,..,..,..,..,..,..,..,..,..,..,..,..,..,..,..,..,..,..,..,..,..,..,..,7.7,..
"Total alcohol consumption per capita (liters of pure alcohol, projected estimates, 15+ years of age)",SH.ALC.PCAP.LI,Papua New Guinea,PNG,..,..,..,..,..,..,..,..,..,..,..,..,..,..,..,..,..,..,..,..,..,..,..,..,..,..,..,..,..,..,..,..,..,..,..,..,..,..,..,..,..,..,..,..,..,..,..,..,..,..,..,..,..,..,..,3.1,..
"Total alcohol consumption per capita (liters of pure alcohol, projected estimates, 15+ years of age)",SH.ALC.PCAP.LI,Paraguay,PRY,..,..,..,..,..,..,..,..,..,..,..,..,..,..,..,..,..,..,..,..,..,..,..,..,..,..,..,..,..,..,..,..,..,..,..,..,..,..,..,..,..,..,..,..,..,..,..,..,..,..,..,..,..,..,..,9.6,..
"Total alcohol consumption per capita (liters of pure alcohol, projected estimates, 15+ years of age)",SH.ALC.PCAP.LI,Peru,PER,..,..,..,..,..,..,..,..,..,..,..,..,..,..,..,..,..,..,..,..,..,..,..,..,..,..,..,..,..,..,..,..,..,..,..,..,..,..,..,..,..,..,..,..,..,..,..,..,..,..,..,..,..,..,..,5.2,..
"Total alcohol consumption per capita (liters of pure alcohol, projected estimates, 15+ years of age)",SH.ALC.PCAP.LI,Philippines,PHL,..,..,..,..,..,..,..,..,..,..,..,..,..,..,..,..,..,..,..,..,..,..,..,..,..,..,..,..,..,..,..,..,..,..,..,..,..,..,..,..,..,..,..,..,..,..,..,..,..,..,..,..,..,..,..,5.6,..
"Total alcohol consumption per capita (liters of pure alcohol, projected estimates, 15+ years of age)",SH.ALC.PCAP.LI,Poland,POL,..,..,..,..,..,..,..,..,..,..,..,..,..,..,..,..,..,..,..,..,..,..,..,..,..,..,..,..,..,..,..,..,..,..,..,..,..,..,..,..,..,..,..,..,..,..,..,..,..,..,..,..,..,..,..,11.5,..
"Total alcohol consumption per capita (liters of pure alcohol, projected estimates, 15+ years of age)",SH.ALC.PCAP.LI,Portugal,PRT,..,..,..,..,..,..,..,..,..,..,..,..,..,..,..,..,..,..,..,..,..,..,..,..,..,..,..,..,..,..,..,..,..,..,..,..,..,..,..,..,..,..,..,..,..,..,..,..,..,..,..,..,..,..,..,12.5,..
"Total alcohol consumption per capita (liters of pure alcohol, projected estimates, 15+ years of age)",SH.ALC.PCAP.LI,Post-demographic dividend,PST,..,..,..,..,..,..,..,..,..,..,..,..,..,..,..,..,..,..,..,..,..,..,..,..,..,..,..,..,..,..,..,..,..,..,..,..,..,..,..,..,..,..,..,..,..,..,..,..,..,..,..,..,..,..,..,9.72284314838842,..
"Total alcohol consumption per capita (liters of pure alcohol, projected estimates, 15+ years of age)",SH.ALC.PCAP.LI,Pre-demographic dividend,PRE,..,..,..,..,..,..,..,..,..,..,..,..,..,..,..,..,..,..,..,..,..,..,..,..,..,..,..,..,..,..,..,..,..,..,..,..,..,..,..,..,..,..,..,..,..,..,..,..,..,..,..,..,..,..,..,5.66006472712185,..
"Total alcohol consumption per capita (liters of pure alcohol, projected estimates, 15+ years of age)",SH.ALC.PCAP.LI,Puerto Rico,PRI,..,..,..,..,..,..,..,..,..,..,..,..,..,..,..,..,..,..,..,..,..,..,..,..,..,..,..,..,..,..,..,..,..,..,..,..,..,..,..,..,..,..,..,..,..,..,..,..,..,..,..,..,..,..,..,..,..
"Total alcohol consumption per capita (liters of pure alcohol, projected estimates, 15+ years of age)",SH.ALC.PCAP.LI,Qatar,QAT,..,..,..,..,..,..,..,..,..,..,..,..,..,..,..,..,..,..,..,..,..,..,..,..,..,..,..,..,..,..,..,..,..,..,..,..,..,..,..,..,..,..,..,..,..,..,..,..,..,..,..,..,..,..,..,1.3,..
"Total alcohol consumption per capita (liters of pure alcohol, projected estimates, 15+ years of age)",SH.ALC.PCAP.LI,Romania,ROU,..,..,..,..,..,..,..,..,..,..,..,..,..,..,..,..,..,..,..,..,..,..,..,..,..,..,..,..,..,..,..,..,..,..,..,..,..,..,..,..,..,..,..,..,..,..,..,..,..,..,..,..,..,..,..,12.9,..
"Total alcohol consumption per capita (liters of pure alcohol, projected estimates, 15+ years of age)",SH.ALC.PCAP.LI,Russian Federation,RUS,..,..,..,..,..,..,..,..,..,..,..,..,..,..,..,..,..,..,..,..,..,..,..,..,..,..,..,..,..,..,..,..,..,..,..,..,..,..,..,..,..,..,..,..,..,..,..,..,..,..,..,..,..,..,..,14.5,..
"Total alcohol consumption per capita (liters of pure alcohol, projected estimates, 15+ years of age)",SH.ALC.PCAP.LI,Rwanda,RWA,..,..,..,..,..,..,..,..,..,..,..,..,..,..,..,..,..,..,..,..,..,..,..,..,..,..,..,..,..,..,..,..,..,..,..,..,..,..,..,..,..,..,..,..,..,..,..,..,..,..,..,..,..,..,..,10,..
"Total alcohol consumption per capita (liters of pure alcohol, projected estimates, 15+ years of age)",SH.ALC.PCAP.LI,Samoa,WSM,..,..,..,..,..,..,..,..,..,..,..,..,..,..,..,..,..,..,..,..,..,..,..,..,..,..,..,..,..,..,..,..,..,..,..,..,..,..,..,..,..,..,..,..,..,..,..,..,..,..,..,..,..,..,..,..,..
"Total alcohol consumption per capita (liters of pure alcohol, projected estimates, 15+ years of age)",SH.ALC.PCAP.LI,San Marino,SMR,..,..,..,..,..,..,..,..,..,..,..,..,..,..,..,..,..,..,..,..,..,..,..,..,..,..,..,..,..,..,..,..,..,..,..,..,..,..,..,..,..,..,..,..,..,..,..,..,..,..,..,..,..,..,..,..,..
"Total alcohol consumption per capita (liters of pure alcohol, projected estimates, 15+ years of age)",SH.ALC.PCAP.LI,Sao Tome and Principe,STP,..,..,..,..,..,..,..,..,..,..,..,..,..,..,..,..,..,..,..,..,..,..,..,..,..,..,..,..,..,..,..,..,..,..,..,..,..,..,..,..,..,..,..,..,..,..,..,..,..,..,..,..,..,..,..,6.8,..
"Total alcohol consumption per capita (liters of pure alcohol, projected estimates, 15+ years of age)",SH.ALC.PCAP.LI,Saudi Arabia,SAU,..,..,..,..,..,..,..,..,..,..,..,..,..,..,..,..,..,..,..,..,..,..,..,..,..,..,..,..,..,..,..,..,..,..,..,..,..,..,..,..,..,..,..,..,..,..,..,..,..,..,..,..,..,..,..,0.2,..
"Total alcohol consumption per capita (liters of pure alcohol, projected estimates, 15+ years of age)",SH.ALC.PCAP.LI,Senegal,SEN,..,..,..,..,..,..,..,..,..,..,..,..,..,..,..,..,..,..,..,..,..,..,..,..,..,..,..,..,..,..,..,..,..,..,..,..,..,..,..,..,..,..,..,..,..,..,..,..,..,..,..,..,..,..,..,0.5,..
"Total alcohol consumption per capita (liters of pure alcohol, projected estimates, 15+ years of age)",SH.ALC.PCAP.LI,Serbia,SRB,..,..,..,..,..,..,..,..,..,..,..,..,..,..,..,..,..,..,..,..,..,..,..,..,..,..,..,..,..,..,..,..,..,..,..,..,..,..,..,..,..,..,..,..,..,..,..,..,..,..,..,..,..,..,..,12.9,..
"Total alcohol consumption per capita (liters of pure alcohol, projected estimates, 15+ years of age)",SH.ALC.PCAP.LI,Seychelles,SYC,..,..,..,..,..,..,..,..,..,..,..,..,..,..,..,..,..,..,..,..,..,..,..,..,..,..,..,..,..,..,..,..,..,..,..,..,..,..,..,..,..,..,..,..,..,..,..,..,..,..,..,..,..,..,..,6.7,..
"Total alcohol consumption per capita (liters of pure alcohol, projected estimates, 15+ years of age)",SH.ALC.PCAP.LI,Sierra Leone,SLE,..,..,..,..,..,..,..,..,..,..,..,..,..,..,..,..,..,..,..,..,..,..,..,..,..,..,..,..,..,..,..,..,..,..,..,..,..,..,..,..,..,..,..,..,..,..,..,..,..,..,..,..,..,..,..,8.2,..
"Total alcohol consumption per capita (liters of pure alcohol, projected estimates, 15+ years of age)",SH.ALC.PCAP.LI,Singapore,SGP,..,..,..,..,..,..,..,..,..,..,..,..,..,..,..,..,..,..,..,..,..,..,..,..,..,..,..,..,..,..,..,..,..,..,..,..,..,..,..,..,..,..,..,..,..,..,..,..,..,..,..,..,..,..,..,2.9,..
"Total alcohol consumption per capita (liters of pure alcohol, projected estimates, 15+ years of age)",SH.ALC.PCAP.LI,Sint Maarten (Dutch part),SXM,..,..,..,..,..,..,..,..,..,..,..,..,..,..,..,..,..,..,..,..,..,..,..,..,..,..,..,..,..,..,..,..,..,..,..,..,..,..,..,..,..,..,..,..,..,..,..,..,..,..,..,..,..,..,..,..,..
"Total alcohol consumption per capita (liters of pure alcohol, projected estimates, 15+ years of age)",SH.ALC.PCAP.LI,Slovak Republic,SVK,..,..,..,..,..,..,..,..,..,..,..,..,..,..,..,..,..,..,..,..,..,..,..,..,..,..,..,..,..,..,..,..,..,..,..,..,..,..,..,..,..,..,..,..,..,..,..,..,..,..,..,..,..,..,..,12.5,..
"Total alcohol consumption per capita (liters of pure alcohol, projected estimates, 15+ years of age)",SH.ALC.PCAP.LI,Slovenia,SVN,..,..,..,..,..,..,..,..,..,..,..,..,..,..,..,..,..,..,..,..,..,..,..,..,..,..,..,..,..,..,..,..,..,..,..,..,..,..,..,..,..,..,..,..,..,..,..,..,..,..,..,..,..,..,..,10.9,..
"Total alcohol consumption per capita (liters of pure alcohol, projected estimates, 15+ years of age)",SH.ALC.PCAP.LI,Small states,SST,..,..,..,..,..,..,..,..,..,..,..,..,..,..,..,..,..,..,..,..,..,..,..,..,..,..,..,..,..,..,..,..,..,..,..,..,..,..,..,..,..,..,..,..,..,..,..,..,..,..,..,..,..,..,..,5.55712668255267,..
"Total alcohol consumption per capita (liters of pure alcohol, projected estimates, 15+ years of age)",SH.ALC.PCAP.LI,Solomon Islands,SLB,..,..,..,..,..,..,..,..,..,..,..,..,..,..,..,..,..,..,..,..,..,..,..,..,..,..,..,..,..,..,..,..,..,..,..,..,..,..,..,..,..,..,..,..,..,..,..,..,..,..,..,..,..,..,..,1.6,..
"Total alcohol consumption per capita (liters of pure alcohol, projected estimates, 15+ years of age)",SH.ALC.PCAP.LI,Somalia,SOM,..,..,..,..,..,..,..,..,..,..,..,..,..,..,..,..,..,..,..,..,..,..,..,..,..,..,..,..,..,..,..,..,..,..,..,..,..,..,..,..,..,..,..,..,..,..,..,..,..,..,..,..,..,..,..,0.5,..
"Total alcohol consumption per capita (liters of pure alcohol, projected estimates, 15+ years of age)",SH.ALC.PCAP.LI,South Africa,ZAF,..,..,..,..,..,..,..,..,..,..,..,..,..,..,..,..,..,..,..,..,..,..,..,..,..,..,..,..,..,..,..,..,..,..,..,..,..,..,..,..,..,..,..,..,..,..,..,..,..,..,..,..,..,..,..,11.5,..
"Total alcohol consumption per capita (liters of pure alcohol, projected estimates, 15+ years of age)",SH.ALC.PCAP.LI,South Asia,SAS,..,..,..,..,..,..,..,..,..,..,..,..,..,..,..,..,..,..,..,..,..,..,..,..,..,..,..,..,..,..,..,..,..,..,..,..,..,..,..,..,..,..,..,..,..,..,..,..,..,..,..,..,..,..,..,3.64138266694339,..
"Total alcohol consumption per capita (liters of pure alcohol, projected estimates, 15+ years of age)",SH.ALC.PCAP.LI,South Asia (IDA & IBRD),TSA,..,..,..,..,..,..,..,..,..,..,..,..,..,..,..,..,..,..,..,..,..,..,..,..,..,..,..,..,..,..,..,..,..,..,..,..,..,..,..,..,..,..,..,..,..,..,..,..,..,..,..,..,..,..,..,3.64138266694339,..
"Total alcohol consumption per capita (liters of pure alcohol, projected estimates, 15+ years of age)",SH.ALC.PCAP.LI,South Sudan,SSD,..,..,..,..,..,..,..,..,..,..,..,..,..,..,..,..,..,..,..,..,..,..,..,..,..,..,..,..,..,..,..,..,..,..,..,..,..,..,..,..,..,..,..,..,..,..,..,..,..,..,..,..,..,..,..,..,..
"Total alcohol consumption per capita (liters of pure alcohol, projected estimates, 15+ years of age)",SH.ALC.PCAP.LI,Spain,ESP,..,..,..,..,..,..,..,..,..,..,..,..,..,..,..,..,..,..,..,..,..,..,..,..,..,..,..,..,..,..,..,..,..,..,..,..,..,..,..,..,..,..,..,..,..,..,..,..,..,..,..,..,..,..,..,10.6,..
"Total alcohol consumption per capita (liters of pure alcohol, projected estimates, 15+ years of age)",SH.ALC.PCAP.LI,Sri Lanka,LKA,..,..,..,..,..,..,..,..,..,..,..,..,..,..,..,..,..,..,..,..,..,..,..,..,..,..,..,..,..,..,..,..,..,..,..,..,..,..,..,..,..,..,..,..,..,..,..,..,..,..,..,..,..,..,..,4.5,..
"Total alcohol consumption per capita (liters of pure alcohol, projected estimates, 15+ years of age)",SH.ALC.PCAP.LI,St. Kitts and Nevis,KNA,..,..,..,..,..,..,..,..,..,..,..,..,..,..,..,..,..,..,..,..,..,..,..,..,..,..,..,..,..,..,..,..,..,..,..,..,..,..,..,..,..,..,..,..,..,..,..,..,..,..,..,..,..,..,..,7,..
"Total alcohol consumption per capita (liters of pure alcohol, projected estimates, 15+ years of age)",SH.ALC.PCAP.LI,St. Lucia,LCA,..,..,..,..,..,..,..,..,..,..,..,..,..,..,..,..,..,..,..,..,..,..,..,..,..,..,..,..,..,..,..,..,..,..,..,..,..,..,..,..,..,..,..,..,..,..,..,..,..,..,..,..,..,..,..,10.4,..
"Total alcohol consumption per capita (liters of pure alcohol, projected estimates, 15+ years of age)",SH.ALC.PCAP.LI,St. Martin (French part),MAF,..,..,..,..,..,..,..,..,..,..,..,..,..,..,..,..,..,..,..,..,..,..,..,..,..,..,..,..,..,..,..,..,..,..,..,..,..,..,..,..,..,..,..,..,..,..,..,..,..,..,..,..,..,..,..,..,..
"Total alcohol consumption per capita (liters of pure alcohol, projected estimates, 15+ years of age)",SH.ALC.PCAP.LI,St. Vincent and the Grenadines,VCT,..,..,..,..,..,..,..,..,..,..,..,..,..,..,..,..,..,..,..,..,..,..,..,..,..,..,..,..,..,..,..,..,..,..,..,..,..,..,..,..,..,..,..,..,..,..,..,..,..,..,..,..,..,..,..,7.2,..
"Total alcohol consumption per capita (liters of pure alcohol, projected estimates, 15+ years of age)",SH.ALC.PCAP.LI,Sub-Saharan Africa,SSF,..,..,..,..,..,..,..,..,..,..,..,..,..,..,..,..,..,..,..,..,..,..,..,..,..,..,..,..,..,..,..,..,..,..,..,..,..,..,..,..,..,..,..,..,..,..,..,..,..,..,..,..,..,..,..,6.34381907313408,..
"Total alcohol consumption per capita (liters of pure alcohol, projected estimates, 15+ years of age)",SH.ALC.PCAP.LI,Sub-Saharan Africa (excluding high income),SSA,..,..,..,..,..,..,..,..,..,..,..,..,..,..,..,..,..,..,..,..,..,..,..,..,..,..,..,..,..,..,..,..,..,..,..,..,..,..,..,..,..,..,..,..,..,..,..,..,..,..,..,..,..,..,..,6.34377304985558,..
"Total alcohol consumption per capita (liters of pure alcohol, projected estimates, 15+ years of age)",SH.ALC.PCAP.LI,Sub-Saharan Africa (IDA & IBRD countries),TSS,..,..,..,..,..,..,..,..,..,..,..,..,..,..,..,..,..,..,..,..,..,..,..,..,..,..,..,..,..,..,..,..,..,..,..,..,..,..,..,..,..,..,..,..,..,..,..,..,..,..,..,..,..,..,..,6.34381907313408,..
"Total alcohol consumption per capita (liters of pure alcohol, projected estimates, 15+ years of age)",SH.ALC.PCAP.LI,Sudan,SDN,..,..,..,..,..,..,..,..,..,..,..,..,..,..,..,..,..,..,..,..,..,..,..,..,..,..,..,..,..,..,..,..,..,..,..,..,..,..,..,..,..,..,..,..,..,..,..,..,..,..,..,..,..,..,..,2.7,..
"Total alcohol consumption per capita (liters of pure alcohol, projected estimates, 15+ years of age)",SH.ALC.PCAP.LI,Suriname,SUR,..,..,..,..,..,..,..,..,..,..,..,..,..,..,..,..,..,..,..,..,..,..,..,..,..,..,..,..,..,..,..,..,..,..,..,..,..,..,..,..,..,..,..,..,..,..,..,..,..,..,..,..,..,..,..,6.5,..
"Total alcohol consumption per capita (liters of pure alcohol, projected estimates, 15+ years of age)",SH.ALC.PCAP.LI,Swaziland,SWZ,..,..,..,..,..,..,..,..,..,..,..,..,..,..,..,..,..,..,..,..,..,..,..,..,..,..,..,..,..,..,..,..,..,..,..,..,..,..,..,..,..,..,..,..,..,..,..,..,..,..,..,..,..,..,..,6.4,..
"Total alcohol consumption per capita (liters of pure alcohol, projected estimates, 15+ years of age)",SH.ALC.PCAP.LI,Sweden,SWE,..,..,..,..,..,..,..,..,..,..,..,..,..,..,..,..,..,..,..,..,..,..,..,..,..,..,..,..,..,..,..,..,..,..,..,..,..,..,..,..,..,..,..,..,..,..,..,..,..,..,..,..,..,..,..,8.7,..
"Total alcohol consumption per capita (liters of pure alcohol, projected estimates, 15+ years of age)",SH.ALC.PCAP.LI,Switzerland,CHE,..,..,..,..,..,..,..,..,..,..,..,..,..,..,..,..,..,..,..,..,..,..,..,..,..,..,..,..,..,..,..,..,..,..,..,..,..,..,..,..,..,..,..,..,..,..,..,..,..,..,..,..,..,..,..,10.4,..
"Total alcohol consumption per capita (liters of pure alcohol, projected estimates, 15+ years of age)",SH.ALC.PCAP.LI,Syrian Arab Republic,SYR,..,..,..,..,..,..,..,..,..,..,..,..,..,..,..,..,..,..,..,..,..,..,..,..,..,..,..,..,..,..,..,..,..,..,..,..,..,..,..,..,..,..,..,..,..,..,..,..,..,..,..,..,..,..,..,1.4,..
"Total alcohol consumption per capita (liters of pure alcohol, projected estimates, 15+ years of age)",SH.ALC.PCAP.LI,Tajikistan,TJK,..,..,..,..,..,..,..,..,..,..,..,..,..,..,..,..,..,..,..,..,..,..,..,..,..,..,..,..,..,..,..,..,..,..,..,..,..,..,..,..,..,..,..,..,..,..,..,..,..,..,..,..,..,..,..,2.4,..
"Total alcohol consumption per capita (liters of pure alcohol, projected estimates, 15+ years of age)",SH.ALC.PCAP.LI,Tanzania,TZA,..,..,..,..,..,..,..,..,..,..,..,..,..,..,..,..,..,..,..,..,..,..,..,..,..,..,..,..,..,..,..,..,..,..,..,..,..,..,..,..,..,..,..,..,..,..,..,..,..,..,..,..,..,..,..,8.1,..
"Total alcohol consumption per capita (liters of pure alcohol, projected estimates, 15+ years of age)",SH.ALC.PCAP.LI,Thailand,THA,..,..,..,..,..,..,..,..,..,..,..,..,..,..,..,..,..,..,..,..,..,..,..,..,..,..,..,..,..,..,..,..,..,..,..,..,..,..,..,..,..,..,..,..,..,..,..,..,..,..,..,..,..,..,..,8.3,..
"Total alcohol consumption per capita (liters of pure alcohol, projected estimates, 15+ years of age)",SH.ALC.PCAP.LI,Timor-Leste,TLS,..,..,..,..,..,..,..,..,..,..,..,..,..,..,..,..,..,..,..,..,..,..,..,..,..,..,..,..,..,..,..,..,..,..,..,..,..,..,..,..,..,..,..,..,..,..,..,..,..,..,..,..,..,..,..,1.2,..
"Total alcohol consumption per capita (liters of pure alcohol, projected estimates, 15+ years of age)",SH.ALC.PCAP.LI,Togo,TGO,..,..,..,..,..,..,..,..,..,..,..,..,..,..,..,..,..,..,..,..,..,..,..,..,..,..,..,..,..,..,..,..,..,..,..,..,..,..,..,..,..,..,..,..,..,..,..,..,..,..,..,..,..,..,..,1.9,..
"Total alcohol consumption per capita (liters of pure alcohol, projected estimates, 15+ years of age)",SH.ALC.PCAP.LI,Tonga,TON,..,..,..,..,..,..,..,..,..,..,..,..,..,..,..,..,..,..,..,..,..,..,..,..,..,..,..,..,..,..,..,..,..,..,..,..,..,..,..,..,..,..,..,..,..,..,..,..,..,..,..,..,..,..,..,2.1,..
"Total alcohol consumption per capita (liters of pure alcohol, projected estimates, 15+ years of age)",SH.ALC.PCAP.LI,Trinidad and Tobago,TTO,..,..,..,..,..,..,..,..,..,..,..,..,..,..,..,..,..,..,..,..,..,..,..,..,..,..,..,..,..,..,..,..,..,..,..,..,..,..,..,..,..,..,..,..,..,..,..,..,..,..,..,..,..,..,..,6.6,..
"Total alcohol consumption per capita (liters of pure alcohol, projected estimates, 15+ years of age)",SH.ALC.PCAP.LI,Tunisia,TUN,..,..,..,..,..,..,..,..,..,..,..,..,..,..,..,..,..,..,..,..,..,..,..,..,..,..,..,..,..,..,..,..,..,..,..,..,..,..,..,..,..,..,..,..,..,..,..,..,..,..,..,..,..,..,..,1.2,..
"Total alcohol consumption per capita (liters of pure alcohol, projected estimates, 15+ years of age)",SH.ALC.PCAP.LI,Turkey,TUR,..,..,..,..,..,..,..,..,..,..,..,..,..,..,..,..,..,..,..,..,..,..,..,..,..,..,..,..,..,..,..,..,..,..,..,..,..,..,..,..,..,..,..,..,..,..,..,..,..,..,..,..,..,..,..,2.4,..
"Total alcohol consumption per capita (liters of pure alcohol, projected estimates, 15+ years of age)",SH.ALC.PCAP.LI,Turkmenistan,TKM,..,..,..,..,..,..,..,..,..,..,..,..,..,..,..,..,..,..,..,..,..,..,..,..,..,..,..,..,..,..,..,..,..,..,..,..,..,..,..,..,..,..,..,..,..,..,..,..,..,..,..,..,..,..,..,5,..
"Total alcohol consumption per capita (liters of pure alcohol, projected estimates, 15+ years of age)",SH.ALC.PCAP.LI,Turks and Caicos Islands,TCA,..,..,..,..,..,..,..,..,..,..,..,..,..,..,..,..,..,..,..,..,..,..,..,..,..,..,..,..,..,..,..,..,..,..,..,..,..,..,..,..,..,..,..,..,..,..,..,..,..,..,..,..,..,..,..,..,..
"Total alcohol consumption per capita (liters of pure alcohol, projected estimates, 15+ years of age)",SH.ALC.PCAP.LI,Tuvalu,TUV,..,..,..,..,..,..,..,..,..,..,..,..,..,..,..,..,..,..,..,..,..,..,..,..,..,..,..,..,..,..,..,..,..,..,..,..,..,..,..,..,..,..,..,..,..,..,..,..,..,..,..,..,..,..,..,1.3,..
"Total alcohol consumption per capita (liters of pure alcohol, projected estimates, 15+ years of age)",SH.ALC.PCAP.LI,Uganda,UGA,..,..,..,..,..,..,..,..,..,..,..,..,..,..,..,..,..,..,..,..,..,..,..,..,..,..,..,..,..,..,..,..,..,..,..,..,..,..,..,..,..,..,..,..,..,..,..,..,..,..,..,..,..,..,..,10.5,..
"Total alcohol consumption per capita (liters of pure alcohol, projected estimates, 15+ years of age)",SH.ALC.PCAP.LI,Ukraine,UKR,..,..,..,..,..,..,..,..,..,..,..,..,..,..,..,..,..,..,..,..,..,..,..,..,..,..,..,..,..,..,..,..,..,..,..,..,..,..,..,..,..,..,..,..,..,..,..,..,..,..,..,..,..,..,..,11.8,..
"Total alcohol consumption per capita (liters of pure alcohol, projected estimates, 15+ years of age)",SH.ALC.PCAP.LI,United Arab Emirates,ARE,..,..,..,..,..,..,..,..,..,..,..,..,..,..,..,..,..,..,..,..,..,..,..,..,..,..,..,..,..,..,..,..,..,..,..,..,..,..,..,..,..,..,..,..,..,..,..,..,..,..,..,..,..,..,..,4.3,..
"Total alcohol consumption per capita (liters of pure alcohol, projected estimates, 15+ years of age)",SH.ALC.PCAP.LI,United Kingdom,GBR,..,..,..,..,..,..,..,..,..,..,..,..,..,..,..,..,..,..,..,..,..,..,..,..,..,..,..,..,..,..,..,..,..,..,..,..,..,..,..,..,..,..,..,..,..,..,..,..,..,..,..,..,..,..,..,12,..
"Total alcohol consumption per capita (liters of pure alcohol, projected estimates, 15+ years of age)",SH.ALC.PCAP.LI,United States,USA,..,..,..,..,..,..,..,..,..,..,..,..,..,..,..,..,..,..,..,..,..,..,..,..,..,..,..,..,..,..,..,..,..,..,..,..,..,..,..,..,..,..,..,..,..,..,..,..,..,..,..,..,..,..,..,9,..
"Total alcohol consumption per capita (liters of pure alcohol, projected estimates, 15+ years of age)",SH.ALC.PCAP.LI,Upper middle income,UMC,..,..,..,..,..,..,..,..,..,..,..,..,..,..,..,..,..,..,..,..,..,..,..,..,..,..,..,..,..,..,..,..,..,..,..,..,..,..,..,..,..,..,..,..,..,..,..,..,..,..,..,..,..,..,..,7.60423684481184,..
"Total alcohol consumption per capita (liters of pure alcohol, projected estimates, 15+ years of age)",SH.ALC.PCAP.LI,Uruguay,URY,..,..,..,..,..,..,..,..,..,..,..,..,..,..,..,..,..,..,..,..,..,..,..,..,..,..,..,..,..,..,..,..,..,..,..,..,..,..,..,..,..,..,..,..,..,..,..,..,..,..,..,..,..,..,..,7,..
"Total alcohol consumption per capita (liters of pure alcohol, projected estimates, 15+ years of age)",SH.ALC.PCAP.LI,Uzbekistan,UZB,..,..,..,..,..,..,..,..,..,..,..,..,..,..,..,..,..,..,..,..,..,..,..,..,..,..,..,..,..,..,..,..,..,..,..,..,..,..,..,..,..,..,..,..,..,..,..,..,..,..,..,..,..,..,..,4.8,..
"Total alcohol consumption per capita (liters of pure alcohol, projected estimates, 15+ years of age)",SH.ALC.PCAP.LI,Vanuatu,VUT,..,..,..,..,..,..,..,..,..,..,..,..,..,..,..,..,..,..,..,..,..,..,..,..,..,..,..,..,..,..,..,..,..,..,..,..,..,..,..,..,..,..,..,..,..,..,..,..,..,..,..,..,..,..,..,1.2,..
"Total alcohol consumption per capita (liters of pure alcohol, projected estimates, 15+ years of age)",SH.ALC.PCAP.LI,"Venezuela, RB",VEN,..,..,..,..,..,..,..,..,..,..,..,..,..,..,..,..,..,..,..,..,..,..,..,..,..,..,..,..,..,..,..,..,..,..,..,..,..,..,..,..,..,..,..,..,..,..,..,..,..,..,..,..,..,..,..,8.3,..
"Total alcohol consumption per capita (liters of pure alcohol, projected estimates, 15+ years of age)",SH.ALC.PCAP.LI,Vietnam,VNM,..,..,..,..,..,..,..,..,..,..,..,..,..,..,..,..,..,..,..,..,..,..,..,..,..,..,..,..,..,..,..,..,..,..,..,..,..,..,..,..,..,..,..,..,..,..,..,..,..,..,..,..,..,..,..,8.7,..
"Total alcohol consumption per capita (liters of pure alcohol, projected estimates, 15+ years of age)",SH.ALC.PCAP.LI,Virgin Islands (U.S.),VIR,..,..,..,..,..,..,..,..,..,..,..,..,..,..,..,..,..,..,..,..,..,..,..,..,..,..,..,..,..,..,..,..,..,..,..,..,..,..,..,..,..,..,..,..,..,..,..,..,..,..,..,..,..,..,..,..,..
"Total alcohol consumption per capita (liters of pure alcohol, projected estimates, 15+ years of age)",SH.ALC.PCAP.LI,West Bank and Gaza,PSE,..,..,..,..,..,..,..,..,..,..,..,..,..,..,..,..,..,..,..,..,..,..,..,..,..,..,..,..,..,..,..,..,..,..,..,..,..,..,..,..,..,..,..,..,..,..,..,..,..,..,..,..,..,..,..,..,..
"Total alcohol consumption per capita (liters of pure alcohol, projected estimates, 15+ years of age)",SH.ALC.PCAP.LI,World,WLD,..,..,..,..,..,..,..,..,..,..,..,..,..,..,..,..,..,..,..,..,..,..,..,..,..,..,..,..,..,..,..,..,..,..,..,..,..,..,..,..,..,..,..,..,..,..,..,..,..,..,..,..,..,..,..,6.33140480847257,..
"Total alcohol consumption per capita (liters of pure alcohol, projected estimates, 15+ years of age)",SH.ALC.PCAP.LI,"Yemen, Rep.",YEM,..,..,..,..,..,..,..,..,..,..,..,..,..,..,..,..,..,..,..,..,..,..,..,..,..,..,..,..,..,..,..,..,..,..,..,..,..,..,..,..,..,..,..,..,..,..,..,..,..,..,..,..,..,..,..,0.2,..
"Total alcohol consumption per capita (liters of pure alcohol, projected estimates, 15+ years of age)",SH.ALC.PCAP.LI,Zambia,ZMB,..,..,..,..,..,..,..,..,..,..,..,..,..,..,..,..,..,..,..,..,..,..,..,..,..,..,..,..,..,..,..,..,..,..,..,..,..,..,..,..,..,..,..,..,..,..,..,..,..,..,..,..,..,..,..,4,..
"Total alcohol consumption per capita (liters of pure alcohol, projected estimates, 15+ years of age)",SH.ALC.PCAP.LI,Zimbabwe,ZWE,..,..,..,..,..,..,..,..,..,..,..,..,..,..,..,..,..,..,..,..,..,..,..,..,..,..,..,..,..,..,..,..,..,..,..,..,..,..,..,..,..,..,..,..,..,..,..,..,..,..,..,..,..,..,..,4.8,..
,,,,,,,,,,,,,,,,,,,,,,,,,,,,,,,,,,,,,,,,,,,,,,,,,,,,,,,,,,,,
,,,,,,,,,,,,,,,,,,,,,,,,,,,,,,,,,,,,,,,,,,,,,,,,,,,,,,,,,,,,
,,,,,,,,,,,,,,,,,,,,,,,,,,,,,,,,,,,,,,,,,,,,,,,,,,,,,,,,,,,,
Data from database: Health Nutrition and Population Statistics,,,,,,,,,,,,,,,,,,,,,,,,,,,,,,,,,,,,,,,,,,,,,,,,,,,,,,,,,,,,
Last Updated: 09/19/2017,,,,,,,,,,,,,,,,,,,,,,,,,,,,,,,,,,,,,,,,,,,,,,,,,,,,,,,,,,,,
